"","id","session","stresscond","stresslevel","group","order","date","warehouse_Time_to_eliminate_enemies_total","warehouse_Distance_rifle_moved_total","warehouse_Shots_fired_total","warehouse_Number_of_hits_total","warehouse_Number_of_misses_total","warehouse_Hits_per_shots_fired_total","warehouse_Misses_per_shots_fired_total","warehouse_Hits_on_enemies_total","warehouse_Hits_on_hostages_total","warehouse_Hits_on_enemies_per_shots_fired_total","warehouse_Hits_on_hostages_per_shots_fired_total","warehouse_Points_per_shots_fired_total","warehouse_Average_total_radial_error_of_all_chest_shots_fired_total","warehouse_Average_total_radial_error_of_all_head_shots_fired_total","warehouse_Standard_deviation_average_total_radial_error_per_chest_shots_fired_total","warehouse_Standard_deviation_average_total_radial_error_per_head_shots_fired_total","warehouse_Time_to_aim_at_avatars_total","warehouse_Time_until_action_taken_total","warehouse_Total_performance_score","warehouse_Total_performance_score_rep","warehouse_Total_performance_score_revtime","range_shots_fired","range_total_hits","range_total_points","range_total_radial_error","range_total_standard_deviation","range_total_time_to_aim","range_total_time_to_shoot","HR.baseline","HRV.baseline","HRConfidenceGT50.baseline","HR.warehouse","HRV.warehouse","HRConfidenceGT50.warehouse","meanscl_baseline","meanscl_warehouse","scrnsf_baseline","scrnsf_warehouse","scramp_baseline","scramp_warehouse","scrrise_baseline","scrrise_warehouse","scrrec_baseline","scrrec_warehouse","scronset_baseline","scronset_warehouse","STICSACOG_BL","STICSASOM_BL","STICSACOG_PT","STICSASOM_PT","STICSACOG_PW","STICSASOM_PW","sample_timing","aa_mean_time1","aa_mean_time2","aa_mean_time3","aa_mean_time4","cort_mean_time1","cort_mean_time2","cort_mean_time3","cort_mean_time4"
"1",1,1,"HS","High_Stress","Mindfulness",1,2018-06-04,715.6101,293.1643,453,200,238,0.4424779,0.5325581,188,12,0.4159292,0.02660754,57371.88,0.2151937,0.1091981,198.052,16.1257,906.0598,144.1227,558,558.220489977728,32.5985915492958,40,12,445,239.9005,7066.619,100.6013,18.35959,56.16,99.0066666666667,1,66.0607843137255,80.1823529411765,0.942156862745098,NA,NA,NA,NA,NA,NA,NA,NA,NA,NA,NA,NA,10,17,12,17,NA,NA,"intended",94.1,136.1,127.1,115.1,0.092,0.089,0.07,0.071
"2",1,2,"LS","Low_Stress","Mindfulness",1,2018-06-06,724.9655,335.1396,363,204,154,0.566092,0.4281525,200,4,0.5590778,0.01114206,55075,0.3250727,0.025007,368.6552,1.425541,888.1544,174.871,724,723.872905027933,210.854599406528,40,8,245,152.609,1959.883,122.0107,13.65617,67.6044444444444,81.6366666666667,0.998888888888889,62.5935960591133,NA,0,NA,NA,NA,NA,NA,NA,NA,NA,NA,NA,NA,NA,13,15,12,15,NA,NA,"intended",218.6,191.2,146.3,145.6,0.155,0.114,0.09,0.089
"3",2,1,"LS","Low_Stress","Reappraisal",2,2018-06-05,796.2184,212.8276,491,157,319,0.3289183,0.6529774,148,9,0.3112583,0.01898734,44521.88,0.03596662,0.02256076,0.4599374,0.71084,884.7856,178.2079,661.5,661.338085539715,-9.98675496688742,40,25,910,539.3889,68591.41,109.3571,46.71483,59.5095238095238,126.945238095238,1,69.9806389157793,NA,0.806389157792836,NA,NA,NA,NA,NA,NA,NA,NA,NA,NA,NA,NA,10,11,NA,NA,NA,NA,"intended",62.8,129.2,60.7,60.5,0.245,0.166,0.2,0.238
"4",2,2,"HS","High_Stress","Reappraisal",2,2018-06-07,750.3864,461.6618,519,204,308,0.4041237,0.5934489,203,1,0.4020618,0.00210084,54162.5,0.02982156,0.001483312,0.2376624,0.003737486,871.7347,191.0815,782.5,782.279922779923,182.404411764706,43,13,520,261.9821,8726.361,98.39954,24.41688,67.94,NA,0.986666666666667,63.1264258555133,96.5769961977186,0.848859315589354,NA,NA,NA,NA,NA,NA,NA,NA,NA,NA,NA,NA,17,14,9,11,10,23,"intended",43.3,101.7,74,60.8,0.353,0.135,0.116,0.138
"5",3,1,"HS","High_Stress","Control",1,2018-06-11,778.4186,480.1048,1164,167,953,0.1435941,0.8259293,161,6,0.1384351,0.005263158,45287.5,0.01472567,0.002538835,0.1793304,0.06531233,988.9578,74.06966,677.5,677.453608247423,39.1316984559491,40,15,435,275.6991,11198.43,317.9519,27.27163,NA,NA,NA,NA,NA,NA,NA,NA,NA,NA,NA,NA,NA,NA,NA,NA,NA,NA,14,11,11,18,14,16,"intended",31.5,56.7,42.8,33.1,0.15,0.206,0.235,0.18
"6",3,2,"LS","Low_Stress","Control",1,NA,NA,NA,NA,NA,NA,NA,NA,NA,NA,NA,NA,NA,NA,NA,NA,NA,NA,NA,NA,NA,NA,40,16,415,306.9385,14357.58,208.9089,30.78153,NA,NA,NA,NA,NA,NA,NA,NA,NA,NA,NA,NA,NA,NA,NA,NA,NA,NA,11,11,11,11,NA,NA,NA,NA,NA,NA,NA,NA,NA,NA,NA
"7",4,1,"LS","Low_Stress","Mindfulness",2,2018-06-12,743.3802,497.7952,815,165,606,0.2037037,0.7496871,159,6,0.1962963,0.007509387,49159.38,0.02574751,0.003376918,0.5234969,0.08301915,953.0563,109.9836,653,653.158895705521,64.5738423028786,NA,NA,NA,NA,NA,NA,NA,NA,NA,NA,NA,NA,NA,NA,NA,NA,NA,NA,NA,NA,NA,NA,NA,NA,NA,13,13,16,13,13,18,"intended",172.9,220.7,122.3,94.3,0.11,0.079,0.084,0.075
"8",4,2,"HS","High_Stress","Mindfulness",2,NA,NA,NA,NA,NA,NA,NA,NA,NA,NA,NA,NA,NA,NA,NA,NA,NA,NA,NA,NA,NA,NA,NA,NA,NA,NA,NA,NA,NA,NA,NA,NA,NA,NA,NA,NA,NA,NA,NA,NA,NA,NA,NA,NA,NA,NA,NA,NA,NA,NA,NA,NA,NA,"intended",NA,NA,NA,NA,NA,NA,NA,NA
"9",5,1,"HS","High_Stress","Reappraisal",1,2018-06-12,710.7408,444.7329,861,180,638,0.2362416,0.7409989,171,9,0.2255034,0.01140684,51790.63,0.02843624,0.003082432,0.5112299,0.05467969,959.2818,103.578,561,561.146100116414,62.0695592286501,40,9,260,169.2973,2709.897,92.05126,14.5891,76.3428571428571,44.65,1,113.666666666667,40.6029411764706,1,NA,NA,NA,NA,NA,NA,NA,NA,NA,NA,NA,NA,29,19,20,16,16,21,"intended",71,160.7,80.4,78.7,0.199,0.19,0.184,0.106
"10",5,2,"LS","Low_Stress","Reappraisal",1,2018-06-13,644.0503,455.7997,968,200,719,0.2149221,0.7427686,193,7,0.2071269,0.008027523,56806.25,0.02828362,0.004463635,0.4736908,0.2739168,985.6422,77.5983,533.5,533.34194214876,132.68004587156,40,15,415,287.4109,11837.4,120.151,20.00486,77.5095238095238,45.2285714285714,1,137.948958333333,27.1697916666667,1,NA,NA,NA,NA,NA,NA,NA,NA,NA,NA,NA,NA,12,14,10,11,13,14,"intended",73.1,103.3,169.6,129.4,0.429,0.305,0.271,0.242
"11",6,1,"HS","High_Stress","Mindfulness",1,2018-06-13,748.4918,343.2218,764,186,522,0.247619,0.6859396,182,4,0.2431655,0.005486968,51631.25,0.03378287,0.00465514,0.6830817,0.2030407,939.8766,117.0033,702,701.845800524934,118.348201438849,40,10,240,189.4283,3657.963,331.7188,50.86709,84.1041666666667,57.7708333333333,1,113.99642431466,40.5768772348033,1,NA,NA,NA,NA,NA,NA,NA,NA,NA,NA,NA,NA,13,17,13,15,10,21,"intended",44.3,14.3,67.2,52.2,0.526,0.382,0.267,0.395
"12",6,2,"LS","Low_Stress","Mindfulness",1,2018-06-14,673.986,309.8709,831,205,573,0.246988,0.6918317,200,5,0.2411167,0.00618047,54428.13,0.0250246,0.007461969,0.3522301,0.8957643,941.6001,101.5873,607.5,607.545229244114,157.283248081841,40,11,295,208.3444,4768.586,188.7805,31.05077,84.14375,60.45625,1,110.621062992126,59.5482283464567,0.961614173228346,NA,NA,NA,NA,NA,NA,NA,NA,NA,NA,NA,NA,12,11,11,11,10,17,"intended",40.5,108.1,63,44.1,0.45,0.329,0.425,0.268
"13",7,1,"LS","Low_Stress","Control",2,2018-06-13,759.3203,511.1377,552,183,332,0.3333333,0.608365,178,5,0.3241252,0.009541985,53409.38,0.0426153,0.002656925,0.6110138,0.02468613,929.9827,130.823,707.5,707.377717391304,83.9675572519084,40,12,420,230.0863,6356.766,206.1165,42.26229,69.4729166666667,77.4833333333333,1,94.4274509803922,76.9039215686275,1,NA,NA,NA,NA,NA,NA,NA,NA,NA,NA,NA,NA,14,20,16,21,14,23,"intended",81.3,97.4,85,81.3,0.161,0.083,0.066,0.08
"14",7,2,"HS","High_Stress","Control",2,2018-06-14,709.0041,556.6664,845,202,580,0.2406739,0.6926952,198,4,0.2363861,0.004901961,56500,0.06977012,0.0008625091,16.38018,0.001716456,947.6231,112.5967,662.5,662.491686460808,160.212294043093,NA,NA,NA,NA,NA,NA,NA,NA,NA,NA,NA,NA,NA,NA,NA,NA,NA,NA,NA,NA,NA,NA,NA,NA,NA,15,14,17,17,12,23,"intended",78.1,145.3,136.8,NA,0.234,0.155,0.135,NA
"15",8,1,"HS","High_Stress","Control",1,2018-06-13,786.4113,280.6002,810,160,633,0.202086,0.7821782,147,13,0.187251,0.01606922,37862.5,0.0208348,0.00153403,0.2367169,0.009222305,945.9548,117.2558,568.5,568.429455445545,-84.6659891598916,41,26,885,570.3094,65881.22,125.7255,68.4118,69.1907407407407,65.2777777777778,1,91.11875,52.8833333333333,1,NA,NA,NA,NA,NA,NA,NA,NA,NA,NA,NA,NA,13,14,12,15,15,21,"intended",171.9,148.9,118.2,123,0.154,0.243,0.312,0.335
"16",8,2,"LS","Low_Stress","Control",1,2018-06-14,773.2072,372.7361,801,202,578,0.2535948,0.7266922,188,14,0.2379085,0.01778907,54340.63,0.02653322,0.003217835,0.3234521,0.06602681,927.5805,135.5597,527.5,527.383141762452,-80.336856010568,40,10,295,193.0482,3686.637,118.4098,15.71098,67.5023809523809,67.5666666666667,1,85.2817531305903,NA,0.699463327370304,NA,NA,NA,NA,NA,NA,NA,NA,NA,NA,NA,NA,16,16,15,19,14,17,"intended",67.6,101.5,97.7,23.3,0.156,0.151,0.125,0.336
"17",9,1,"LS","Low_Stress","Mindfulness",2,2018-06-14,745.5901,413.999,1139,186,892,0.1648746,0.7884085,173,13,0.1532258,0.01168014,50759.38,0.01848503,0.006392361,0.2244382,1.069237,975.4604,87.36677,508.5,508.282265144864,-65.141073080481,45,22,730,616.6163,77258.23,86.57977,54.01511,62.6690476190476,119.8,1,104.683333333333,93.3627450980392,1,NA,NA,NA,NA,NA,NA,NA,NA,NA,NA,NA,NA,10,12,12,12,10,17,"intended",37.9,48.2,44.8,51.8,0.349,0.465,0.513,0.511
"18",9,2,"HS","High_Stress","Mindfulness",2,2018-06-15,705.7514,351.1462,872,193,641,0.2273839,0.7350917,186,7,0.2200489,0.008333334,54815.63,0.02869677,0.04095643,0.7311472,59.46298,952.1301,110.8277,597.5,597.43119266055,104.801734820322,40,9,295,172.2785,2738.128,121.2302,14.01601,61.6857142857143,110.52380952381,0.980952380952381,93.7925925925926,84.8666666666667,0.943518518518519,NA,NA,NA,NA,NA,NA,NA,NA,NA,NA,NA,NA,13,11,10,12,10,17,"intended",30.7,54.4,41.7,51.2,0.364,0.21,0.193,0.148
"19",10,1,"LS","Low_Stress","Reappraisal",2,2018-06-18,678.9437,416.6035,636,205,403,0.3327922,0.6336478,203,2,0.3295455,0.003305785,57578.13,0.03609196,0.004752484,0.4933401,0.1557188,939.21,123.5886,684.5,684.26572327044,246.57461406518,43,12,355,226.6581,4894.488,144.3425,18.59032,77.602380952381,52.4309523809524,1,86.8537037037037,47.8444444444444,0.99537037037037,NA,NA,NA,NA,NA,NA,NA,NA,NA,NA,NA,NA,14,13,10,11,10,16,"intended",84.8,205.2,175.3,146,0.21,0.122,0.117,0.102
"20",10,2,"HS","High_Stress","Reappraisal",2,2018-06-19,740.0258,291.3072,497,179,304,0.3744394,0.6158537,173,6,0.3632287,0.01276596,50043.75,0.04847753,0.005291857,1.259494,0.1091229,905.3207,150.4546,670.5,670.397177419355,104.360986547085,42,21,555,424.4556,28315.22,65.21799,26.0445,79.6261904761905,52.0738095238095,1,92.7,41.4078431372549,1,NA,NA,NA,NA,NA,NA,NA,NA,NA,NA,NA,NA,14,11,10,11,14,13,"intended",106.8,275.4,236.5,221.1,0.298,0.194,0.142,0.138
"21",11,1,"HS","High_Stress","Reappraisal",1,2018-06-18,728.1133,330.1757,782,186,538,0.2427184,0.6899736,176,10,0.2304469,0.0136612,51706.25,0.09668011,0.02041614,60.79414,5.539878,963.3517,99.41985,564,564.218358831711,44.7489421720733,40,12,380,238.7016,6577.103,121.7429,28.71594,NA,NA,NA,NA,NA,NA,NA,NA,NA,NA,NA,NA,NA,NA,NA,NA,NA,NA,19,16,16,14,13,30,"intended",104.8,85.4,106.1,94.1,0.397,0.171,0.14,0.13
"22",11,2,"LS","Low_Stress","Reappraisal",1,NA,NA,NA,NA,NA,NA,NA,NA,NA,NA,NA,NA,NA,NA,NA,NA,NA,NA,NA,NA,NA,NA,NA,NA,NA,NA,NA,NA,NA,NA,NA,NA,NA,NA,NA,NA,NA,NA,NA,NA,NA,NA,NA,NA,NA,NA,NA,NA,NA,NA,NA,NA,NA,"intended",NA,NA,NA,NA,NA,NA,NA,NA
"23",12,1,"LS","Low_Stress","Control",2,2018-06-18,721.5682,422.9538,566,203,349,0.3651079,0.6222222,195,8,0.3507194,0.01489758,55468.75,0.06591453,0.005743056,6.825996,0.1959545,917.4698,145.4411,611,611.000883392226,49.5651769087523,40,14,415,267.411,9582.272,127.0572,23.70422,77.1625,48.7875,1,82.1721132897603,NA,0.854030501089325,NA,NA,NA,NA,NA,NA,NA,NA,NA,NA,NA,NA,15,15,18,17,14,19,"intended",240.6,304.7,152.8,189.1,0.182,0.146,0.109,0.103
"24",12,2,"HS","High_Stress","Control",2,2018-06-20,676.0289,368.8013,521,196,310,0.3841584,0.5950096,190,6,0.3722772,0.01229508,57790.63,0.08167542,0.007196214,5.142286,0.3248821,925.7119,137.4134,611.5,611.568269230769,149.382172131148,40,29,835,561.212,77859.21,117.3566,37.82907,71.91875,68.4125,1,87.8647058823529,65.6235294117647,1,NA,NA,NA,NA,NA,NA,NA,NA,NA,NA,NA,NA,15,13,16,21,16,28,"intended",286.8,562.8,380.8,291.4,0.109,0.142,0.14,0.117
"25",13,1,"HS","High_Stress","Mindfulness",1,2018-06-19,734.3151,276.8138,656,188,444,0.2890263,0.678344,183,5,0.2812983,0.007861636,55796.88,0.07324058,0.004968754,13.17689,0.1548982,904.9677,145.5385,676.5,676.543577981651,114.10406504065,40,13,480,250.4316,8131.096,241.8086,45.47358,NA,NA,NA,NA,NA,NA,NA,NA,NA,NA,NA,NA,NA,NA,NA,NA,NA,NA,10,11,14,14,14,19,"intended",52.6,87.6,64.3,52,0.176,0.207,0.148,0.151
"26",13,2,"LS","Low_Stress","Mindfulness",1,2018-06-21,656.0651,360.9135,634,200,399,0.3368056,0.6293375,196,4,0.3298791,0.007067138,57515.63,0.06257302,0.006538783,4.422477,0.2930128,943.4375,119.7158,621.5,621.431279620853,193.595406360424,40,18,510,342.6404,20086.83,105.2815,27.18553,NA,NA,NA,NA,NA,NA,NA,NA,NA,NA,NA,NA,NA,NA,NA,NA,NA,NA,12,11,13,11,10,17,"intended",48.7,58.4,47.7,32.1,0.158,0.118,0.078,0.079
"27",14,1,"HS","High_Stress","Control",1,2018-06-19,728.7981,406.342,1064,193,822,0.1880688,0.7728558,186,7,0.182002,0.006965174,53868.75,0.02510848,0.007421237,0.4520856,1.160334,964.7526,98.51627,614.5,614.314379699248,75.8858751279427,40,7,230,129.4614,1304.429,143.1656,28.73681,71.8972222222222,64.3083333333333,1,83.5245098039216,50.5637254901961,1,NA,NA,NA,NA,NA,NA,NA,NA,NA,NA,NA,NA,10,13,11,16,10,18,"intended",616,333.4,208.4,254.7,0.157,0.093,0.079,0.086
"28",14,2,"LS","Low_Stress","Control",1,2018-06-21,630.6321,379.2513,1182,209,912,0.1818182,0.7720339,206,3,0.1790352,0.002811621,56565.63,0.01933127,0.006133092,0.318592,0.9754794,958.8124,86.11698,595,594.928087986464,214.758200562324,40,10,275,186.9152,3758.203,88.16305,20.04324,NA,NA,NA,NA,NA,NA,NA,NA,NA,NA,NA,NA,NA,NA,NA,NA,NA,NA,10,14,13,12,12,21,"intended",436.2,387.2,271.9,237.8,0.203,0.101,0.076,0.083
"29",15,1,"LS","Low_Stress","Reappraisal",2,2018-06-20,789.8966,420.2131,1274,178,1056,0.1398272,0.8326597,172,6,0.1351139,0.004761905,48350,0.01179055,0.00643353,0.1109265,1.282304,989.8962,73.34215,689,688.975667189953,27.3177379983727,40,12,410,225.8544,6122.216,219.688,28.873,70.95,57.7119047619048,1,87.3138888888889,58.2574074074074,1,NA,NA,NA,NA,NA,NA,NA,NA,NA,NA,NA,NA,22,15,10,11,14,25,"intended",127.9,145.8,132.3,136.1,0.634,0.369,0.318,0.305
"30",15,2,"HS","High_Stress","Reappraisal",2,2018-06-21,793.3621,425.8069,1372,127,1224,0.09534535,0.8921283,120,7,0.09009009,0.005413766,35443.75,0.007556718,0.00558624,0.03187007,0.9151731,1007.141,55.79305,666,665.92633114515,-20.9319412219644,40,7,195,130.743,1334.157,130.9385,8.624125,84.8755555555556,NA,1,93.1219047619048,62.7695238095238,1,NA,NA,NA,NA,NA,NA,NA,NA,NA,NA,NA,NA,19,14,16,12,15,21,"intended",133.3,178.6,158.1,156.6,0.593,0.412,0.389,0.371
"31",16,1,"HS","High_Stress","Reappraisal",1,2018-06-20,752.7445,427.3913,908,187,686,0.2073991,0.7605473,177,10,0.1961883,0.01138952,50300,0.01915136,0.003463211,0.1680072,0.1290456,957.9835,105.2254,580.5,580.698237885463,-6.91391106043329,40,13,455,265.1897,8674.953,204.9221,50.80931,64.2833333333333,NA,1,123.669607843137,51.5411764705882,0.981372549019608,NA,NA,NA,NA,NA,NA,NA,NA,NA,NA,NA,NA,10,12,10,12,11,34,"intended",120.7,341.4,166,99.1,0.247,0.171,0.152,0.159
"32",16,2,"LS","Low_Stress","Reappraisal",1,2018-06-21,764.2799,295.1857,972,189,753,0.1997755,0.7775424,182,7,0.1941639,0.007268951,51993.75,0.02100068,0.00780879,0.2112967,0.5663972,938.0172,125.1105,667,666.761854583772,62.3937007874016,40,9,275,175.8705,2793.53,143.1562,28.6456,73.0911111111111,NA,0.926666666666667,93.3346007604563,79.0884030418251,1,NA,NA,NA,NA,NA,NA,NA,NA,NA,NA,NA,NA,11,12,10,12,12,20,"intended",122,168.9,155.1,104.3,0.244,0.17,0.153,0.167
"33",17,1,"LS","Low_Stress","Mindfulness",2,2018-06-22,786.9319,303.3819,688,111,576,0.1640379,0.8396947,103,8,0.1529968,0.0119403,33218.75,0.01762262,0.00128281,0.1914466,0.00377941,977.7303,85.07648,651,651.176855895196,-3.98306451612905,41,17,635,384.3141,24068.5,102.5933,32.54441,73.1111111111111,NA,0,63.2857142857143,69.7028571428571,1,NA,NA,NA,NA,NA,NA,NA,NA,NA,NA,NA,NA,10,11,12,12,12,14,"intended",259.9,229.8,185.5,167.8,0.412,0.338,0.262,0.364
"34",17,2,"HS","High_Stress","Mindfulness",2,2018-06-25,722.9777,306.0298,887,171,681,0.1965174,0.7754386,167,4,0.1927861,0.00462963,51750,0.02685671,0.001169109,0.5862316,0.004702254,946.2189,96.73965,672,672.171364148816,125.95608531995,40,3,55,58.40195,138.538,172.0819,10.00292,76.0520833333333,NA,0.910416666666667,97.3166666666667,82.2098039215686,0.258823529411765,NA,NA,NA,NA,NA,NA,NA,NA,NA,NA,NA,NA,10,10,10,11,10,21,"intended",171.5,228.5,146.1,238.6,0.409,0.256,0.416,0.901
"35",18,1,"LS","Low_Stress","Reappraisal",2,2018-06-25,801.2336,345.465,1762,35,1718,0.02205419,0.9750284,30,5,0.01890359,0.003190811,9646.875,0.001994333,0.000663215,0.007616964,0.002732795,1044.988,18.09338,703.5,703.740625,-0.129227823867268,40,1,10,19.05445,9.789188,167.0565,5.418064,72.025,NA,1,97.078967350038,NA,0.362186788154898,NA,NA,NA,NA,NA,NA,NA,NA,NA,NA,NA,NA,10,19,13,15,10,29,"intended",29.7,47.1,37.9,33.1,0.292,0.17,0.114,0.136
"36",18,2,"HS","High_Stress","Reappraisal",2,2018-06-26,801.1877,191.3373,1466,17,1449,0.01187151,0.9895105,16,1,0.01117318,0.0007037297,5600,0.000696381,0.0008982669,0.0001976165,0.003934429,1049.206,13.57836,783,782.909959072306,79.7417311752287,40,3,55,58.40195,138.538,172.0819,10.00292,57.2758620689655,NA,0,117.347474747475,NA,0.0404040404040404,NA,NA,NA,NA,NA,NA,NA,NA,NA,NA,NA,NA,10,18,13,20,13,22,"intended",27.2,82.8,44.4,32.6,0.249,0.162,0.137,0.167
"37",19,1,"LS","Low_Stress","Control",2,NA,NA,NA,NA,NA,NA,NA,NA,NA,NA,NA,NA,NA,NA,NA,NA,NA,NA,NA,NA,NA,NA,NA,NA,NA,NA,NA,NA,NA,NA,NA,NA,NA,NA,NA,NA,NA,NA,NA,NA,NA,NA,NA,NA,NA,NA,NA,10,13,NA,NA,NA,NA,"intended",59,82.8,73.6,71.5,0.172,0.159,0.135,0.117
"38",19,2,"HS","High_Stress","Control",2,NA,NA,NA,NA,NA,NA,NA,NA,NA,NA,NA,NA,NA,NA,NA,NA,NA,NA,NA,NA,NA,NA,NA,NA,NA,NA,NA,NA,NA,NA,NA,NA,NA,NA,NA,NA,NA,NA,NA,NA,NA,NA,NA,NA,NA,NA,NA,NA,NA,NA,NA,NA,NA,NA,NA,NA,NA,NA,NA,NA,NA,NA
"39",20,1,"HS","High_Stress","Reappraisal",1,2018-06-26,709.9525,453.4806,1064,204,834,0.194605,0.7850834,195,9,0.1859345,0.008832188,56484.38,0.0182578,0.003091811,0.2006737,0.09018687,948.0039,115.0556,556.5,556.543233082707,34.9735034347399,40,10,365,190.9178,3682.57,125.4776,18.33854,90.4655172413793,NA,0,89.9566666666667,NA,0.125,NA,NA,NA,NA,NA,NA,NA,NA,NA,NA,NA,NA,11,13,11,14,13,21,"intended",75.3,220.6,71,71,0.495,0.525,0.46,0.515
"40",20,2,"LS","Low_Stress","Reappraisal",1,2018-06-27,691.3692,423.0006,735,208,499,0.2881119,0.6789116,199,9,0.2755245,0.01262272,56612.5,0.1130085,0.003457528,24.17319,0.06230807,914.295,148.5085,549.5,549.51156462585,105.257575757576,NA,NA,NA,NA,NA,NA,NA,77.3557046979866,NA,0.682326621923937,103.516913319239,NA,0.1723044397463,NA,NA,NA,NA,NA,NA,NA,NA,NA,NA,NA,NA,12,11,10,12,11,17,"intended",82,162.2,95.1,62.8,0.473,0.442,0.317,0.297
"41",21,1,"HS","High_Stress","Mindfulness",1,NA,NA,NA,NA,NA,NA,NA,NA,NA,NA,NA,NA,NA,NA,NA,NA,NA,NA,NA,NA,NA,NA,NA,NA,NA,NA,NA,NA,NA,NA,NA,NA,NA,NA,NA,NA,NA,NA,NA,NA,NA,NA,NA,NA,NA,NA,NA,15,11,18,13,11,30,"intended",149.4,146.3,120.2,102.5,0.151,0.235,0.241,0.189
"42",21,2,"LS","Low_Stress","Mindfulness",1,NA,NA,NA,NA,NA,NA,NA,NA,NA,NA,NA,NA,NA,NA,NA,NA,NA,NA,NA,NA,NA,NA,NA,NA,NA,NA,NA,NA,NA,NA,NA,NA,NA,NA,NA,NA,NA,NA,NA,NA,NA,NA,NA,NA,NA,NA,NA,NA,NA,NA,NA,NA,NA,"intended",NA,NA,NA,NA,NA,NA,NA,NA
"43",22,1,"HS","High_Stress","Control",1,2018-06-28,748.933,483.0395,1225,195,989,0.1626298,0.8090164,186,9,0.1557093,0.007358953,53931.25,0.02089593,0.006617032,0.3074012,1.256116,957.63,105.3606,591,591.012653061224,12.1464912280702,40,14,335,269.5075,9630.376,127.3455,34.36853,78.6537037037037,NA,0.95,101.752941176471,55.2117647058824,0.972549019607843,NA,NA,NA,NA,NA,NA,NA,NA,NA,NA,NA,NA,10,12,11,15,10,20,"intended",9.8,15.6,11.2,9.8,0.176,0.104,0.073,0.101
"44",22,2,"LS","Low_Stress","Control",1,2018-06-29,722.8504,370.0417,1055,197,829,0.1931818,0.785782,188,9,0.1859504,0.008806262,53650,0.02546821,0.005918366,0.9101148,0.7539816,949.8752,113.2156,568.5,568.450664136622,62.0965732087227,40,11,345,215.6207,5106.683,87.08492,26.94315,74.5642857142857,50.3333333333333,0.988095238095238,82.1228893058161,NA,0.377110694183865,NA,NA,NA,NA,NA,NA,NA,NA,NA,NA,NA,NA,10,13,10,14,15,14,"intended",21,21.8,15.7,15.9,0.443,0.14,0.118,0.114
"45",23,1,"LS","Low_Stress","Control",2,2018-06-28,768.6288,396.1552,1037,181,820,0.1790307,0.791411,177,4,0.1750742,0.003984064,50425,0.03289912,0.007985993,1.071939,1.703825,969.0909,93.73139,713.5,713.312921890068,94.0717213114754,40,10,315,190.6535,3682.814,140.2189,14.40298,83.15,NA,0.935714285714286,137.656862745098,NA,0.00196078431372549,NA,NA,NA,NA,NA,NA,NA,NA,NA,NA,NA,NA,17,11,16,21,NA,NA,"intended",115,86.6,48.7,NA,0.385,0.155,0.135,NA
"46",23,2,"HS","High_Stress","Control",2,NA,NA,NA,NA,NA,NA,NA,NA,NA,NA,NA,NA,NA,NA,NA,NA,NA,NA,NA,NA,NA,NA,40,14,405,276.3804,10223.83,163.867,26.61925,81.3428571428571,NA,1,90.9850877192982,57.9666666666667,0.763157894736842,NA,NA,NA,NA,NA,NA,NA,NA,NA,NA,NA,NA,14,11,17,11,19,15,"intended",120.9,74.3,47.6,104.3,0.192,0.13,0.096,0.181
"47",24,1,"LS","Low_Stress","Reappraisal",2,2018-06-28,729.8799,433.2127,628,178,437,0.2843451,0.7048093,175,3,0.2795527,0.005008347,49493.75,0.02110364,0.01124923,0.11967,1.779292,921.84,141.0288,709.5,709.468899521531,147.488313856427,40,9,315,175.6736,2790.66,131.3183,29.51157,74.7785714285714,NA,1,90.8264705882353,48.3039215686275,1,NA,NA,NA,NA,NA,NA,NA,NA,NA,NA,NA,NA,16,14,14,14,12,15,"intended",187.8,341.4,259.3,176.5,0.168,0.257,0.229,0.185
"48",24,2,"HS","High_Stress","Reappraisal",2,2018-07-02,637.2947,353.5609,772,205,526,0.2715877,0.6818182,201,4,0.2674095,0.005376344,58146.88,0.06641288,0.006241441,6.037509,0.4048361,944.0618,103.8411,594.5,594.749674902471,225.006338028169,40,17,550,308.0135,16240.7,86.7266,35.05456,84.1854166666667,57.7979166666667,0.995833333333333,104.217647058824,NA,0.379411764705882,NA,NA,NA,NA,NA,NA,NA,NA,NA,NA,NA,NA,16,11,12,13,13,18,"intended",192.9,231.7,112.2,97.6,0.345,0.383,0.293,0.244
"49",25,1,"LS","Low_Stress","Mindfulness",2,2018-07-02,717.1199,426.4365,629,207,393,0.3312,0.630363,202,5,0.3232,0.008025683,54971.88,0.02681115,0.006171609,0.3534924,0.3316211,929.496,133.3759,661,661.247960848287,164.509900990099,40,7,220,135.1428,1356.098,146.176,15.81575,80.7238095238095,93.4452380952381,0.652380952380952,105.121929824561,64.3263157894737,0.31140350877193,NA,NA,NA,NA,NA,NA,NA,NA,NA,NA,NA,NA,26,18,22,13,21,18,"intended",80.7,91.8,127.8,126.1,0.61,0.399,0.261,0.189
"50",25,2,"HS","High_Stress","Mindfulness",2,2018-07-03,680.3319,382.1425,508,202,296,0.4060606,0.5826772,200,2,0.4020833,0.004089979,58118.75,0.1169772,0.00409609,9.05657,0.06585675,921.2331,141.4661,697.5,697.316568047337,256.110294117647,40,18,610,337.0975,19878.74,85.86037,13.75643,89.4708333333333,NA,0.358333333333333,106.53137254902,62.7049019607843,0.611764705882353,NA,NA,NA,NA,NA,NA,NA,NA,NA,NA,NA,NA,21,12,17,15,18,20,"intended",120.2,131.2,288.6,138.1,0.246,0.479,0.348,0.275
"51",26,1,"HS","High_Stress","Control",1,NA,NA,NA,NA,NA,NA,NA,NA,NA,NA,NA,NA,NA,NA,NA,NA,NA,NA,NA,NA,NA,NA,40,1,15,19.05445,9.789188,474.2609,19.58242,NA,NA,NA,NA,NA,NA,NA,NA,NA,NA,NA,NA,NA,NA,NA,NA,NA,NA,10,11,10,13,NA,NA,NA,NA,NA,NA,NA,NA,NA,NA,NA
"52",26,2,"LS","Low_Stress","Control",1,NA,NA,NA,NA,NA,NA,NA,NA,NA,NA,NA,NA,NA,NA,NA,NA,NA,NA,NA,NA,NA,NA,NA,NA,NA,NA,NA,NA,NA,NA,NA,NA,NA,NA,NA,NA,NA,NA,NA,NA,NA,NA,NA,NA,NA,NA,NA,NA,NA,NA,NA,NA,NA,NA,NA,NA,NA,NA,NA,NA,NA,NA
"53",27,1,"HS","High_Stress","Mindfulness",1,NA,NA,NA,NA,NA,NA,NA,NA,NA,NA,NA,NA,NA,NA,NA,NA,NA,NA,NA,NA,NA,NA,NA,NA,NA,NA,NA,NA,NA,NA,NA,NA,NA,NA,NA,NA,NA,NA,NA,NA,NA,NA,NA,NA,NA,NA,NA,NA,NA,NA,NA,NA,NA,NA,NA,NA,NA,NA,NA,NA,NA,NA
"54",27,2,"LS","Low_Stress","Mindfulness",1,NA,NA,NA,NA,NA,NA,NA,NA,NA,NA,NA,NA,NA,NA,NA,NA,NA,NA,NA,NA,NA,NA,NA,NA,NA,NA,NA,NA,NA,NA,NA,NA,NA,NA,NA,NA,NA,NA,NA,NA,NA,NA,NA,NA,NA,NA,NA,NA,NA,NA,NA,NA,NA,NA,NA,NA,NA,NA,NA,NA,NA,NA
"55",28,1,"LS","Low_Stress","Mindfulness",2,2018-07-12,801.2823,551.8514,1084,7,1077,0.007056451,0.9949444,2,5,0.002016129,0.005112474,600,0,0.0001625737,0,0.00004179722,1060.727,2.274886,701.5,701.277008310249,-2,40,4,85,74.31291,273.1963,118.409,6.852278,55.7876923076923,NA,0.0553846153846154,64.4879032258064,NA,0,NA,NA,NA,NA,NA,NA,NA,NA,NA,NA,NA,NA,21,14,19,19,23,26,"intended",72.8,73.1,66.3,100.2,0.643,0.367,0.354,0.315
"56",28,2,"HS","High_Stress","Mindfulness",2,NA,NA,NA,NA,NA,NA,NA,NA,NA,NA,NA,NA,NA,NA,NA,NA,NA,NA,NA,NA,NA,NA,NA,NA,NA,NA,NA,NA,NA,NA,NA,NA,144.138888888889,NA,0.0388888888888889,NA,NA,NA,NA,NA,NA,NA,NA,NA,NA,NA,NA,24,21,23,24,33,39,"intended",158.3,45.9,184.7,169.2,0.489,0.533,0.48,0.446
"57",29,1,"HS","High_Stress","Reappraisal",1,2018-07-09,758.4326,421.959,1191,189,985,0.1604938,0.8284983,180,9,0.1534391,0.007646559,56790.63,0.01885157,0.00194926,0.2591749,0.02935937,961.6199,101.3724,602,601.841729638959,3.89048473967685,40,14,475,258.1644,9354.983,158.4772,38.96484,91.0582524271845,NA,0,104.016666666667,NA,0.205882352941176,NA,NA,NA,NA,NA,NA,NA,NA,NA,NA,NA,NA,14,11,12,15,10,20,"intended",114.1,190.4,142.7,127.4,0.229,0.325,0.339,0.307
"58",29,2,"LS","Low_Stress","Reappraisal",1,2018-07-10,690.0195,373.273,899,188,693,0.2214022,0.772067,186,2,0.2201722,0.002232143,57728.13,0.02562203,0.004757274,0.3599881,0.2126198,966.6885,96.33234,687,687.118568232662,223.2141959799,40,16,510,301.2143,13833.94,102.5556,33.7232,120.12037037037,NA,0.00185185185185185,162.61862745098,NA,0.0264705882352941,NA,NA,NA,NA,NA,NA,NA,NA,NA,NA,NA,NA,11,12,10,11,10,17,"intended",101.5,136,123.7,75.6,0.194,0.202,0.206,0.172
"59",30,1,"LS","Low_Stress","Control",2,NA,NA,NA,NA,NA,NA,NA,NA,NA,NA,NA,NA,NA,NA,NA,NA,NA,NA,NA,NA,NA,NA,NA,NA,NA,NA,NA,NA,NA,NA,NA,NA,NA,NA,NA,NA,NA,NA,NA,NA,NA,NA,NA,NA,NA,NA,NA,NA,NA,NA,NA,NA,NA,NA,NA,NA,NA,NA,NA,NA,NA,NA
"60",30,2,"HS","High_Stress","Control",2,NA,NA,NA,NA,NA,NA,NA,NA,NA,NA,NA,NA,NA,NA,NA,NA,NA,NA,NA,NA,NA,NA,NA,NA,NA,NA,NA,NA,NA,NA,NA,NA,NA,NA,NA,NA,NA,NA,NA,NA,NA,NA,NA,NA,NA,NA,NA,NA,NA,NA,NA,NA,NA,NA,NA,NA,NA,NA,NA,NA,NA,NA
"61",31,1,"HS","High_Stress","Mindfulness",1,2018-07-10,765.8619,439.1698,1085,168,891,0.1549816,0.8295238,158,10,0.1457565,0.009233611,44775,0.01413608,0.004679728,0.131475,0.4184777,979.3879,83.722,586.5,586.633640552995,-27.111217641419,40,10,230,189.4861,3661.625,39.89618,7.742688,84.3190476190476,NA,0.945238095238095,91.6176470588235,65.6519607843137,0.616666666666667,NA,NA,NA,NA,NA,NA,NA,NA,NA,NA,NA,NA,15,12,16,16,19,17,"intended",49.7,22,59.7,53.1,0.395,0.298,0.276,0.256
"62",31,2,"LS","Low_Stress","Mindfulness",1,2018-07-12,801.2214,242.193,1152,71,1077,0.06634146,0.9355962,66,5,0.06146342,0.004906771,21343.75,0.005088896,0.00243657,0.01306246,0.05379486,1016.448,46.57884,710.5,710.263888888889,7.54661432777233,NA,NA,NA,NA,NA,NA,NA,74.4761904761905,NA,0.012531328320802,115.44649122807,NA,0.0482456140350877,NA,NA,NA,NA,NA,NA,NA,NA,NA,NA,NA,NA,16,15,15,11,18,19,"intended",76.4,128.6,131,77.1,0.505,0.38,0.338,0.294
"63",32,1,"LS","Low_Stress","Reappraisal",2,2018-07-11,797.0347,286.2273,873,122,734,0.1399083,0.8485207,117,5,0.1341743,0.005800464,37115.63,0.01649433,0.003187943,0.1790129,0.08070963,968.948,93.90717,718.5,718.257731958763,63.0907975460123,40,14,385,268.8146,9746.063,190.9039,33.13342,NA,NA,NA,NA,NA,NA,NA,NA,NA,NA,NA,NA,NA,NA,NA,NA,NA,NA,12,14,11,11,10,11,"intended",19.8,28.9,16.1,21.2,0.154,0.176,0.169,0.226
"64",32,2,"HS","High_Stress","Reappraisal",2,NA,NA,NA,NA,NA,NA,NA,NA,NA,NA,NA,NA,NA,NA,NA,NA,NA,NA,NA,NA,NA,NA,NA,NA,NA,NA,NA,NA,NA,NA,NA,NA,NA,NA,NA,NA,NA,NA,NA,NA,NA,NA,NA,NA,NA,NA,NA,12,12,11,11,NA,NA,NA,NA,NA,NA,NA,NA,NA,NA,NA
"65",33,1,"HS","High_Stress","Control",1,2018-07-11,801.1527,299.238,668,148,509,0.2331691,0.7639098,144,4,0.228243,0.006329114,43015.63,0.02837174,0.004017515,0.3419364,0.09878253,952.1105,110.8589,753,753.245877061469,71.7943615257048,40,18,480,351.7761,20841.44,179.6318,45.97145,NA,NA,NA,NA,NA,NA,NA,NA,NA,NA,NA,NA,NA,NA,NA,NA,NA,NA,17,14,14,14,12,28,"intended",NA,NA,NA,NA,NA,NA,NA,NA
"66",33,2,"LS","Low_Stress","Control",1,2018-07-13,801.3262,276.2533,680,95,580,0.1414474,0.8566929,87,8,0.1299342,0.01234568,29581.25,0.01386942,0.004629992,0.04795842,0.1259943,996.5869,66.70507,663,662.750735294118,-20.1457286432161,40,16,575,314.6445,14736.01,72.94236,32.07996,NA,NA,NA,NA,NA,NA,NA,NA,NA,NA,NA,NA,NA,NA,NA,NA,NA,NA,12,14,12,15,11,19,"intended",55.9,53.6,46.6,45.8,0.132,0.13,0.132,0.118
"67",34,1,"LS","Low_Stress","Mindfulness",2,2018-07-12,800.2413,222.4326,698,130,556,0.1984496,0.7965616,120,10,0.184375,0.01550388,35918.75,0.02079104,0.002264673,0.2097121,0.01665243,966.7632,96.31082,626,625.803879310345,-54.1133122028526,40,10,190,184.3547,3604.855,262.0586,24.53169,61.4725738396624,NA,0.559071729957806,81.4666666666667,NA,0.454901960784314,NA,NA,NA,NA,NA,NA,NA,NA,NA,NA,NA,NA,12,18,16,19,13,20,"intended",126,221.7,194.8,172.7,0.159,0.168,0.143,0.147
"68",34,2,"HS","High_Stress","Mindfulness",2,2018-07-13,771.0715,194.1342,795,140,643,0.1825293,0.808805,129,11,0.1681877,0.01445466,42471.88,0.02432801,0.003460123,0.4308696,0.06172282,967.1958,95.83432,578,577.779319041614,-45.0106666666667,40,15,475,287.1925,12095.55,128.0595,16.23209,103.962222222222,NA,0.1,76.94,NA,0.445714285714286,NA,NA,NA,NA,NA,NA,NA,NA,NA,NA,NA,NA,18,13,18,17,13,27,"intended",51.7,69.4,35.1,37.4,0.192,0.104,0.091,0.095
"69",35,1,"HS","High_Stress","Reappraisal",1,2018-07-12,796.8957,326.1258,824,140,677,0.1778656,0.8216019,135,5,0.171278,0.006587615,41218.75,0.0784032,0.002114249,41.35136,0.02212391,960.1031,102.8434,722,722.011529126214,27.8109354413702,40,11,320,204.843,4726.857,103.2454,14.36639,NA,NA,NA,NA,NA,NA,NA,NA,NA,NA,NA,NA,NA,NA,NA,NA,NA,NA,15,19,11,16,13,30,"intended",77.6,87.1,112.8,77.9,0.138,0.164,0.143,0.114
"70",35,2,"LS","Low_Stress","Reappraisal",1,2018-07-13,801.3046,152.5758,597,91,505,0.1630435,0.8458961,85,6,0.1521739,0.01104972,27209.38,0.01341736,0.00488099,0.04751419,0.1198193,969.7877,93.55044,704,703.78810720268,2.04143646408841,NA,NA,NA,NA,NA,NA,NA,NA,NA,NA,NA,NA,NA,NA,NA,NA,NA,NA,NA,NA,NA,NA,NA,NA,NA,10,11,9,11,13,19,"intended",87.7,100.2,68.1,65.9,0.161,0.155,0.174,0.165
"71",36,1,"HS","High_Stress","Mindfulness",1,2018-07-16,800.7542,392.0757,780,136,634,0.1801419,0.8149101,124,12,0.164539,0.01589404,41262.5,0.02708867,0.07350449,0.3750044,40.92936,969.4409,93.64629,587.5,587.45,-94.9379457917261,40,12,490,220.4025,5767.353,56.13172,20.20638,75.4805194805195,NA,0.391465677179963,101.313725490196,NA,0.227450980392157,NA,NA,NA,NA,NA,NA,NA,NA,NA,NA,NA,NA,14,12,11,12,10,22,"intended",40.8,62.5,63.5,57.2,0.368,0.296,0.273,0.27
"72",36,2,"LS","Low_Stress","Mindfulness",1,2018-07-17,639.8376,416.0873,618,199,377,0.3471971,0.6100324,194,5,0.3381555,0.009124087,58771.88,0.05164113,0.02048609,1.395508,2.769926,945.4701,117.403,587.5,587.550161812298,197.79197080292,40,20,870,379.4947,26607.99,30.36345,20.31541,75.3095238095238,NA,0.719047619047619,83.7850834151129,NA,0.497546614327772,NA,NA,NA,NA,NA,NA,NA,NA,NA,NA,NA,NA,11,17,10,12,10,16,"intended",39,45.3,61.5,53.1,0.425,0.379,0.377,0.313
"73",37,1,"LS","Low_Stress","Control",2,2018-07-16,801.2817,263.3665,524,58,465,0.1177686,0.8874046,48,10,0.09917355,0.02004008,15859.38,0.007197348,0.004358317,0.008763892,0.05836807,1008.898,54.1689,616,616.132633587786,-67.1297071129707,40,12,360,229.8843,6231.053,181.9221,60.92952,63.3047619047619,NA,0.611904761904762,94.9666666666667,56.0657407407407,0.630555555555556,NA,NA,NA,NA,NA,NA,NA,NA,NA,NA,NA,NA,16,11,15,14,17,28,"intended",20.5,52.3,23.5,26.1,0.263,0.169,0.144,0.119
"74",37,2,"HS","High_Stress","Control",2,2018-07-17,801.2118,282.3855,412,123,286,0.3186813,0.6941748,121,2,0.3131868,0.005571031,39787.5,0.02792602,0.007379423,0.1389416,0.1996126,899.9206,162.8066,809.5,809.403892944039,109.044568245125,40,22,715,414.5236,35587.35,107.3026,38.51174,80.9291666666667,NA,0.747916666666667,98.8166666666667,49.7852941176471,0.850980392156863,NA,NA,NA,NA,NA,NA,NA,NA,NA,NA,NA,NA,15,17,16,17,17,24,"intended",21,67.2,28.5,34.8,0.217,0.172,0.168,0.179
"75",38,1,"HS","High_Stress","Control",1,2018-07-17,797.2581,443.5092,709,160,540,0.2348367,0.7628571,142,18,0.2083981,0.0265625,41562.5,0.02282861,0.01315298,0.3414896,1.596056,935.0003,127.8516,466.5,466.351694915254,-208.98046875,43,31,1090,683.1403,106227,61.99519,40.51456,70.8142857142857,NA,0.869047619047619,117.034817813765,NA,0.483400809716599,NA,NA,NA,NA,NA,NA,NA,NA,NA,NA,NA,NA,21,16,16,16,22,31,"intended",122.5,261.9,171.1,145,0.197,0.197,0.168,0.115
"76",38,2,"LS","Low_Stress","Control",1,2018-07-18,722.4318,395.2262,926,199,696,0.2157722,0.7562077,190,9,0.2059146,0.00990099,55018.75,0.02117101,0.00701743,0.3120296,0.5018936,952.7327,110.2484,571.5,571.70788336933,45.2013574660633,40,18,565,326.0624,19005.26,87.4476,23.62351,81.2479166666667,NA,0.339583333333333,83.0066666666667,81.9191666666667,0.494166666666667,NA,NA,NA,NA,NA,NA,NA,NA,NA,NA,NA,NA,19,14,18,14,15,17,"intended",188.6,117.8,64.1,100.5,0.138,0.144,0.124,0.127
"77",39,1,"LS","Low_Stress","Mindfulness",2,2018-07-18,763.4909,230.0173,982,189,764,0.1935146,0.7824709,178,11,0.1835165,0.01150628,51728.13,0.0169456,0.007574791,0.1595467,1.190578,949.7545,109.2501,575,575.207708779443,-22.733995584989,41,32,1125,698.8111,119574.8,65.56763,45.60567,75.5166666666667,NA,0.835714285714286,104.288235294118,71.2235294117647,0.592156862745098,NA,NA,NA,NA,NA,NA,NA,NA,NA,NA,NA,NA,13,14,15,12,10,18,"intended",9.2,87.1,61.5,NA,0.533,0.489,0.455,NA
"78",39,2,"HS","High_Stress","Mindfulness",2,NA,NA,NA,NA,NA,NA,NA,NA,NA,NA,NA,NA,NA,NA,NA,NA,NA,NA,NA,NA,NA,NA,NA,NA,NA,NA,NA,NA,NA,71.8083333333333,NA,0.977083333333333,89.9598039215686,89.4509803921569,0.683333333333333,NA,NA,NA,NA,NA,NA,NA,NA,NA,NA,NA,NA,14,17,10,14,16,19,"intended",36.4,155.6,55.3,29.2,0.566,0.441,0.406,0.438
"79",40,1,"LS","Low_Stress","Reappraisal",2,2018-07-23,723.9044,603.98,988,124,822,0.1275934,0.8386042,123,1,0.126556,0.00110011,38500,0.02168974,0.001870789,0.6001164,0.0137026,1002.608,60.04924,723.5,723.483805668016,174.031903190319,41,7,220,137.3974,1365.86,66.27702,14.50449,NA,NA,NA,NA,NA,NA,NA,NA,NA,NA,NA,NA,NA,NA,NA,NA,NA,NA,15,14,13,11,12,12,"intended",74,76.1,59.9,63.1,0.115,0.094,0.087,0.091
"80",40,2,"HS","High_Stress","Reappraisal",2,NA,NA,NA,NA,NA,NA,NA,NA,NA,NA,NA,NA,NA,NA,NA,NA,NA,NA,NA,NA,NA,NA,NA,NA,NA,NA,NA,NA,NA,NA,NA,NA,NA,NA,NA,NA,NA,NA,NA,NA,NA,NA,NA,NA,NA,NA,NA,NA,NA,NA,NA,NA,NA,"intended",NA,NA,NA,NA,NA,NA,NA,NA
"81",41,1,"HS","High_Stress","Reappraisal",1,2018-07-24,690.7189,361.8952,424,217,193,0.53562,0.4593301,209,8,0.5145119,0.02133333,55712.5,0.152932,0.006344014,54.15755,0.1247452,881.3986,181.1002,597,596.831753554502,117.066666666667,40,28,880,559.9986,70950.13,94.40254,44.05118,80.8042959427208,NA,0.0334128878281623,88.8872549019608,61.8294117647059,0.646078431372549,NA,NA,NA,NA,NA,NA,NA,NA,NA,NA,NA,NA,29,13,26,11,25,16,"intended",174.5,235.2,224.4,215.8,0.38,0.254,0.26,0.34
"82",41,2,"LS","Low_Stress","Reappraisal",1,2018-07-25,696.8672,352.3981,327,188,133,0.5768025,0.414791,181,7,0.5566038,0.02194357,56862.5,0.07457345,0.005309657,1.034917,0.06243779,853.0121,209.8915,644,643.94495412844,188.448220064725,40,22,815,417.002,35660.11,94.55528,31.52794,82.3071428571429,NA,0.426190476190476,89.4029411764706,NA,0.418627450980392,NA,NA,NA,NA,NA,NA,NA,NA,NA,NA,NA,NA,26,12,23,11,25,15,"intended",138.3,126.4,108.4,99.2,0.224,0.277,0.28,0.237
"83",42,1,"LS","Low_Stress","Control",2,2018-07-24,768.1456,387.7246,855,164,657,0.1961538,0.7725061,158,6,0.1884615,0.007751938,47950,0.02280427,0.006781918,0.2928644,0.7357162,952.2577,110.724,676,676.040935672515,39.9728682170543,40,19,560,368.314,23842.24,82.38659,33.39858,80.0612244897959,NA,0,79.0990990990991,88.4194194194194,0.84984984984985,NA,NA,NA,NA,NA,NA,NA,NA,NA,NA,NA,NA,12,11,19,16,17,26,"intended",109.7,146.1,102.5,108.4,0.314,0.186,0.194,0.141
"84",42,2,"HS","High_Stress","Control",2,2018-07-26,801.1892,305.0591,1369,148,1199,0.1133231,0.8758218,146,2,0.111816,0.00155642,42700,0.01135592,0.005397338,0.08005369,0.8516806,982.1396,80.7312,776.5,776.595325054785,94.1231884057971,42,9,235,174.9487,2786.35,68.83728,11.88031,83.28125,NA,0.795833333333333,87.706862745098,NA,0.786274509803922,NA,NA,NA,NA,NA,NA,NA,NA,NA,NA,NA,NA,14,12,23,19,29,36,"intended",78.4,101.5,83.5,89.1,0.195,0.145,0.116,0.114
"85",43,1,"HS","High_Stress","Mindfulness",1,2018-07-24,781.9529,307.0007,462,132,309,0.2926829,0.6803653,125,7,0.2804878,0.015625,38271.88,0.04258681,0.008699491,1.013493,0.4536496,895.3159,162.5471,699,698.763636363636,74.4717444717445,40,14,535,270.142,9770.598,195.1438,29.91545,96.759900990099,NA,0.138613861386139,54.8286755771567,NA,0.117861482381531,NA,NA,NA,NA,NA,NA,NA,NA,NA,NA,NA,NA,12,12,14,11,14,24,"intended",3.1,6.7,4.8,5.2,0.151,0.167,0.167,0.154
"86",43,2,"LS","Low_Stress","Mindfulness",1,2018-07-26,747.0126,294.669,546,173,342,0.3174312,0.631478,167,6,0.306422,0.01104972,50921.88,0.03991486,0.007928758,0.5237037,0.5061183,902.0451,161.0459,673.5,673.631868131868,97.5980769230769,40,11,370,212.2241,4859.615,170.4567,20.31933,85.90625,46,1,95.8660098522167,NA,0.0118226600985222,NA,NA,NA,NA,NA,NA,NA,NA,NA,NA,NA,NA,12,11,12,11,11,17,"intended",3.8,4.6,4.1,4.3,0.239,0.138,0.122,0.095
"87",44,1,"HS","High_Stress","Control",1,NA,NA,NA,NA,NA,NA,NA,NA,NA,NA,NA,NA,NA,NA,NA,NA,NA,NA,NA,NA,NA,NA,NA,NA,NA,NA,NA,NA,NA,NA,NA,NA,NA,NA,NA,NA,NA,NA,NA,NA,NA,NA,NA,NA,NA,NA,NA,NA,NA,NA,NA,NA,NA,NA,NA,NA,NA,NA,NA,NA,NA,NA
"88",44,2,"LS","Low_Stress","Control",1,NA,NA,NA,NA,NA,NA,NA,NA,NA,NA,NA,NA,NA,NA,NA,NA,NA,NA,NA,NA,NA,NA,NA,NA,NA,NA,NA,NA,NA,NA,NA,NA,NA,NA,NA,NA,NA,NA,NA,NA,NA,NA,NA,NA,NA,NA,NA,NA,NA,NA,NA,NA,NA,NA,NA,NA,NA,NA,NA,NA,NA,NA
"89",45,1,"LS","Low_Stress","Reappraisal",2,2018-07-25,719.9796,403.6855,658,195,439,0.2978395,0.672,186,9,0.2848101,0.01393189,53012.5,0.03387257,0.01442552,0.7434226,4.288778,937.4839,125.4774,580.5,580.282674772036,58.8733974358974,41,28,870,507.3854,69216.45,42.09993,38.97197,87.7071428571429,NA,0.592857142857143,116.604901960784,34.1117647058824,0.880392156862745,NA,NA,NA,NA,NA,NA,NA,NA,NA,NA,NA,NA,13,14,14,12,13,11,"intended",139.1,141.9,103.6,69.5,0.32,0.211,0.236,0.168
"90",45,2,"HS","High_Stress","Reappraisal",2,2018-07-26,712.9484,361.7368,555,190,349,0.3460838,0.6316794,185,5,0.3369763,0.009242144,52975,0.02754382,0.01920977,0.2178591,5.988735,919.7853,143.2774,660.5,660.725225225225,153.347036328872,40,26,725,481.2181,56890.89,36.85838,31.06602,89.2604166666667,NA,1,72.0627306273063,NA,0.249077490774908,NA,NA,NA,NA,NA,NA,NA,NA,NA,NA,NA,NA,12,11,13,11,13,11,"intended",164.3,198.3,81,74.1,0.189,0.296,0.224,0.208
"91",46,1,"HS","High_Stress","Reappraisal",1,2018-07-27,762.8029,273.7314,725,166,535,0.24375,0.7398031,157,9,0.23125,0.01262272,48981.25,0.1023826,0.01230919,25.08312,1.146619,952.6489,110.3828,617,616.78,31.9179810725552,40,19,635,360.8748,23560.11,285.0151,78.99854,57.2244444444444,NA,1,59.1219047619048,NA,0.870476190476191,NA,NA,NA,NA,NA,NA,NA,NA,NA,NA,NA,NA,19,16,17,11,13,14,"intended",29.8,39.5,67.4,33.6,0.145,0.099,0.104,0.109
"92",46,2,"LS","Low_Stress","Reappraisal",1,2018-07-30,775.3948,285.5977,943,167,756,0.188876,0.8016967,163,4,0.184241,0.004678363,45921.88,0.02189017,0.004447265,0.3167023,0.2014079,941.5851,121.4759,719.5,719.348886532344,69.2906432748538,40,28,990,537.8641,70259.44,144.6372,76.96417,NA,NA,NA,76.9714285714286,NA,0,NA,NA,NA,NA,NA,NA,NA,NA,NA,NA,NA,NA,13,12,10,11,10,12,"intended",51.8,45.6,23.3,32.6,0.098,0.202,0.199,0.182
"93",47,1,"LS","Low_Stress","Mindfulness",2,NA,NA,NA,NA,NA,NA,NA,NA,NA,NA,NA,NA,NA,NA,NA,NA,NA,NA,NA,NA,NA,NA,NA,NA,NA,NA,NA,NA,NA,NA,NA,NA,NA,NA,NA,NA,NA,NA,NA,NA,NA,NA,NA,NA,NA,NA,NA,NA,NA,NA,NA,NA,NA,"intended",NA,66.1,59.5,162.7,0.108,0.115,0.106,0.103
"94",47,2,"HS","High_Stress","Mindfulness",2,NA,NA,NA,NA,NA,NA,NA,NA,NA,NA,NA,NA,NA,NA,NA,NA,NA,NA,NA,NA,NA,NA,NA,NA,NA,NA,NA,NA,NA,NA,NA,NA,NA,NA,NA,NA,NA,NA,NA,NA,NA,NA,NA,NA,NA,NA,NA,NA,NA,NA,NA,NA,NA,"intended",NA,NA,NA,NA,NA,NA,NA,NA
"95",48,1,"LS","Low_Stress","Reappraisal",2,2018-07-30,777.8936,306.2915,343,194,139,0.5714286,0.4115854,185,9,0.5496894,0.02654867,51112.5,0.0415427,0.01490326,0.3487183,0.6918241,829.0319,233.9415,681.5,681.690828402367,57.0968253968254,40,24,690,455.1435,47693.47,156.0247,59.65166,77.6642857142857,73.0547619047619,1,77.6915360501567,NA,0.581191222570533,NA,NA,NA,NA,NA,NA,NA,NA,NA,NA,NA,NA,13,12,15,15,13,19,"intended",54.6,73.3,102.2,85.6,0.598,0.236,0.21,0.234
"96",48,2,"HS","High_Stress","Reappraisal",2,2018-07-31,747.7266,360.5479,375,188,168,0.5055866,0.4513513,185,3,0.4972376,0.008426966,52800,0.08397906,0.005810378,1.94575,0.09387364,875.8768,187.0558,758.5,758.4,161.448033707865,40,23,735,431.967,40163.35,105.6566,51.25178,75.5666666666667,NA,1,88.8333333333333,54.1712962962963,0.92962962962963,NA,NA,NA,NA,NA,NA,NA,NA,NA,NA,NA,NA,14,14,16,11,13,16,"intended",42,150.3,52.5,38,0.266,0.174,0.116,0.115
"97",49,1,"LS","Low_Stress","Control",2,2018-08-01,748.8947,427.6707,1615,172,1396,0.111035,0.8643963,154,18,0.1000685,0.01145767,44665.63,0.05077647,0.002458855,31.82081,0.09535984,1002.078,60.84521,403,402.837050805452,-135.773010380623,40,12,415,230.6417,6277.111,89.47625,10.61256,77.6785714285714,NA,0.711904761904762,88.9439393939394,NA,0.257575757575758,NA,NA,NA,NA,NA,NA,NA,NA,NA,NA,NA,NA,10,13,10,14,10,25,"intended",63.8,62,63.3,75.8,0.128,0.163,0.112,0.114
"98",49,2,"HS","High_Stress","Control",2,NA,NA,NA,NA,NA,NA,NA,NA,NA,NA,NA,NA,NA,NA,NA,NA,NA,NA,NA,NA,NA,NA,40,13,385,247.1496,7801.35,73.42548,12.328,77.8571428571429,NA,0.985714285714286,89.6039215686275,43.9666666666667,0.984313725490196,NA,NA,NA,NA,NA,NA,NA,NA,NA,NA,NA,NA,10,12,10,15,13,25,"intended",37.2,50.7,44.6,45.4,0.089,0.091,0.122,0.147
"99",50,1,"HS","High_Stress","Reappraisal",1,NA,NA,NA,NA,NA,NA,NA,NA,NA,NA,NA,NA,NA,NA,NA,NA,NA,NA,NA,NA,NA,NA,40,10,315,180.2236,3517.905,309.123,95.69122,NA,NA,NA,NA,NA,NA,NA,NA,NA,NA,NA,NA,NA,NA,NA,NA,NA,NA,15,20,18,15,NA,NA,NA,NA,NA,NA,NA,NA,NA,NA,NA
"100",50,2,"LS","Low_Stress","Reappraisal",1,NA,NA,NA,NA,NA,NA,NA,NA,NA,NA,NA,NA,NA,NA,NA,NA,NA,NA,NA,NA,NA,NA,NA,NA,NA,NA,NA,NA,NA,NA,NA,NA,NA,NA,NA,NA,NA,NA,NA,NA,NA,NA,NA,NA,NA,NA,NA,NA,NA,NA,NA,NA,NA,NA,NA,NA,NA,NA,NA,NA,NA,NA
"101",51,1,"HS","High_Stress","Mindfulness",1,2018-08-02,655.7168,502.4414,1038,200,757,0.2022941,0.7292871,187,13,0.1887383,0.01369863,57928.13,0.08786261,0.002681519,89.09997,0.06349555,980.6175,82.24003,424,423.984541062802,11.5974710221286,40,20,715,379.9409,24823.32,134.8226,46.79104,76.3785714285714,61.1642857142857,0.919047619047619,103.790196078431,48.6147058823529,0.714705882352941,NA,NA,NA,NA,NA,NA,NA,NA,NA,NA,NA,NA,11,16,11,15,12,15,"intended",171.7,115.8,NA,144.6,0.224,0.181,NA,0.21
"102",51,2,"LS","Low_Stress","Mindfulness",1,NA,NA,NA,NA,NA,NA,NA,NA,NA,NA,NA,NA,NA,NA,NA,NA,NA,NA,NA,NA,NA,NA,NA,NA,NA,NA,NA,NA,NA,76.15,58.3380952380952,1,106.772727272727,36.6893939393939,0.937878787878788,NA,NA,NA,NA,NA,NA,NA,NA,NA,NA,NA,NA,11,14,NA,NA,NA,NA,"intended",181.9,213.7,152.2,144,0.153,0.116,0.104,0.109
"103",52,1,"HS","High_Stress","Control",1,2018-08-03,801.3074,337.5355,469,129,330,0.2762313,0.7146119,116,13,0.2494624,0.02783726,35050,0.04972965,0.008517431,1.892096,0.4919194,951.4489,111.6702,592.5,592.634989200864,-65.3333333333333,40,18,615,345.7649,18054.71,482.2308,108.4613,NA,NA,NA,NA,NA,NA,NA,NA,NA,NA,NA,NA,NA,NA,NA,NA,NA,NA,14,15,11,12,13,13,"intended",140.9,110.5,109.7,112.8,0.275,0.16,0.16,0.153
"104",52,2,"LS","Low_Stress","Control",1,NA,NA,NA,NA,NA,NA,NA,NA,NA,NA,NA,NA,NA,NA,NA,NA,NA,NA,NA,NA,NA,NA,NA,NA,NA,NA,NA,NA,NA,NA,NA,NA,NA,NA,NA,NA,NA,NA,NA,NA,NA,NA,NA,NA,NA,NA,NA,NA,NA,NA,NA,NA,NA,"intended",NA,NA,NA,NA,NA,NA,NA,NA
"105",53,1,"LS","Low_Stress","Control",2,2018-08-06,667.3334,541.3699,918,203,628,0.2225877,0.6854191,194,9,0.2127193,0.01038062,57450,0.07020216,0.004573589,23.03222,0.2545802,955.5222,101.3108,518.5,518.496710526316,76.8027681660899,42,20,605,400.2487,28551.6,59.54815,23.88822,64.847619047619,92.0071428571429,1,73.7222222222222,102.356481481481,0.960185185185185,NA,NA,NA,NA,NA,NA,NA,NA,NA,NA,NA,NA,22,19,15,13,12,23,"intended",24.6,41.5,27.2,41.3,0.353,0.21,0.142,0.185
"106",53,2,"HS","High_Stress","Control",2,2018-08-07,671.3892,418.4709,1335,203,1043,0.1616079,0.7822823,199,4,0.1583265,0.003372681,57284.38,0.02581944,0.001400197,0.71828,0.01362817,959.1638,82.13363,612.5,612.470764617691,148.495362563238,41,18,790,361.7437,21302.41,104.8835,23.60382,66.0944444444444,NA,0.998148148148148,86.6549019607843,92.4490196078431,0.98921568627451,NA,NA,NA,NA,NA,NA,NA,NA,NA,NA,NA,NA,13,15,12,15,10,27,"intended",21,27.7,27.2,40,0.673,0.375,0.284,0.274
"107",54,1,"LS","Low_Stress","Reappraisal",2,2018-08-07,801.2881,349.4685,578,13,565,0.02313167,0.9809886,12,1,0.02264151,0.001779359,4287.5,0.001728606,0.000789536,0.000715484,0.0008011346,1044.946,18.20988,785,784.82174688057,101.428571428571,40,8,115,152.9398,1958.339,216.2145,18.59313,65.8595238095238,68.0142857142857,0.807142857142857,98.6885416666667,NA,0.0427083333333333,NA,NA,NA,NA,NA,NA,NA,NA,NA,NA,NA,NA,23,18,20,16,20,16,"intended",49.7,65.6,58.7,63.3,0.217,0.221,0.191,0.146
"108",54,2,"HS","High_Stress","Reappraisal",2,2018-08-08,801.2253,205.8727,699,19,679,0.03059581,0.97411,18,1,0.02898551,0.001626016,5400,0.002023777,0.001030945,0.001598999,0.002006477,1031.238,31.83691,785,784.862660944206,81.9048780487805,40,7,135,131.5121,1319.084,113.479,17.10516,76.2722222222222,NA,0.638888888888889,92.7535087719298,52.4736842105263,0.942982456140351,NA,NA,NA,NA,NA,NA,NA,NA,NA,NA,NA,NA,23,16,22,18,22,18,"intended",36.4,69.2,50.5,33,0.179,0.271,0.257,0.174
"109",55,1,"LS","Low_Stress","Mindfulness",2,2018-08-09,756.0738,351.6705,538,194,327,0.3605948,0.6168582,184,10,0.3420074,0.01897533,54587.5,0.08155674,0.001700621,7.109174,0.004896628,894.1913,168.9209,606.5,606.732342007435,12.2876447876448,40,29,970,569.7422,75682.92,112.8877,118.6234,81.8285714285714,NA,1,97.5333333333333,34.769298245614,1,NA,NA,NA,NA,NA,NA,NA,NA,NA,NA,NA,NA,14,14,14,20,22,27,"intended",292.4,234.8,254.5,270.3,0.102,0.159,0.158,0.214
"110",55,2,"HS","High_Stress","Mindfulness",2,2018-08-10,728.1469,301.1778,356,183,168,0.5140449,0.4798851,180,3,0.505618,0.00867052,57503.13,0.06607488,0.001317319,0.9389652,0.001394742,858.8166,204.1528,749,748.762640449438,189.906069364162,40,24,720,446.9226,45355.36,96.99185,74.05654,90.2738095238095,NA,0.519047619047619,94.412962962963,34.0814814814815,0.919444444444444,NA,NA,NA,NA,NA,NA,NA,NA,NA,NA,NA,NA,18,17,14,18,14,22,"intended",188.8,245.2,255.2,322.4,0.108,0.104,0.094,0.094
"111",56,1,"HS","High_Stress","Control",1,2018-08-13,734.4916,371.7665,543,203,279,0.3759259,0.5232558,192,11,0.3555556,0.02048417,56928.13,0.05624608,0.001446088,1.634031,0.003209726,906.4764,156.3481,566.5,566.419889502762,36.8021653543307,40,25,775,472.9727,46458.82,154.5193,64.40136,64.9950124688279,NA,0.922693266832918,89.5177083333333,73.5083333333333,0.804166666666667,NA,NA,NA,NA,NA,NA,NA,NA,NA,NA,NA,NA,9,11,15,22,11,15,"intended",202.9,66.6,111.2,135.5,0.093,0.121,0.125,0.095
"112",56,2,"LS","Low_Stress","Control",1,2018-08-14,655.4455,339.3353,623,186,350,0.3190731,0.5617977,182,4,0.3137255,0.006568145,59168.75,0.06953377,0.001676816,2.442388,0.005222131,942.8549,120.0563,622.5,622.487158908507,234.163652802893,40,20,675,385.9788,27731.67,123.2792,55.67574,77.8214285714286,NA,0.995238095238095,85.3254901960784,69.721568627451,0.942156862745098,NA,NA,NA,NA,NA,NA,NA,NA,NA,NA,NA,NA,10,12,14,12,12,15,"intended",63.5,48.9,64.6,55.9,0.165,0.103,0.096,0.078
"113",57,1,"HS","High_Stress","Mindfulness",1,2018-08-13,708.3016,387.5116,1004,195,763,0.199148,0.7602398,184,11,0.1874334,0.01178993,54315.63,0.02046674,0.004556892,0.2731279,0.2410122,965.1313,98.06511,515,515.076769690927,-1.96838156484458,41,26,1015,555.5004,75850.55,67.21227,37.76984,73.1125,NA,1,88.8463227222832,NA,0.638858397365532,NA,NA,NA,NA,NA,NA,NA,NA,NA,NA,NA,NA,12,14,12,15,11,14,"intended",40.8,49.4,53,53.6,0.48,0.194,0.183,0.174
"114",57,2,"LS","Low_Stress","Mindfulness",1,2018-08-14,666.3677,409.5512,994,209,719,0.2194046,0.7247984,200,9,0.2105843,0.009063444,57312.5,0.07658087,0.003902663,5.63808,0.1505822,961.9966,100.9094,530,529.811491935484,101.670011148272,41,19,655,366.0191,21079.47,77.1964,20.78754,NA,NA,NA,NA,NA,NA,NA,NA,NA,NA,NA,NA,NA,NA,NA,NA,NA,NA,12,12,10,14,10,14,"intended",65.3,92.3,88.4,94.1,0.565,0.266,0.247,0.225
"115",58,1,"LS","Low_Stress","Mindfulness",2,2018-08-14,742.9468,369.4649,766,198,514,0.2591623,0.6791946,184,14,0.2408377,0.01842105,56346.88,0.03129923,0.004974193,0.6162267,0.2466249,937.2213,125.539,500,499.780026109661,-68.450940860215,40,16,455,310.6534,14906.75,84.7543,30.38997,64.8145833333333,NA,0.958333333333333,77.0313725490196,NA,0.302941176470588,NA,NA,NA,NA,NA,NA,NA,NA,NA,NA,NA,NA,14,14,13,11,14,13,"intended",200.2,182.5,243.7,234.2,0.207,0.128,0.111,0.105
"116",58,2,"HS","High_Stress","Mindfulness",2,2018-08-15,657.8569,381.9548,851,208,591,0.2563452,0.6944771,194,14,0.2398477,0.0173913,58706.25,0.193592,0.004258139,127.9802,0.1385535,953.4247,109.6483,412.5,412.492361927145,16.280724450194,40,16,555,304.3976,14053.14,67.54147,19.22665,NA,NA,NA,NA,NA,NA,NA,NA,NA,NA,NA,NA,NA,NA,NA,NA,NA,NA,10,11,12,11,11,12,"intended",204.3,146.6,182.5,290.9,0.151,0.11,0.1,0.1
"117",59,1,"HS","High_Stress","Reappraisal",1,2018-08-15,780.9189,363.1978,302,183,118,0.6101083,0.3972603,177,6,0.5920578,0.02013423,54528.13,0.245954,0.005222684,161.8135,0.04756025,816.6829,246.4375,751.5,751.278145695364,110.379061371841,40,17,530,316.2724,16216.46,80.73985,24.67068,67.3803418803419,NA,0.634615384615385,75.2696078431373,70.4950980392157,0.904901960784314,NA,NA,NA,NA,NA,NA,NA,NA,NA,NA,NA,NA,12,13,10,11,10,17,"intended",88.7,109.6,83.3,71.2,0.217,0.101,0.102,0.086
"118",59,2,"LS","Low_Stress","Reappraisal",1,2018-08-16,760.9841,406.3858,356,176,179,0.5,0.5073746,170,6,0.4829545,0.01734104,50796.88,0.05714728,0.008912684,1.090554,0.2892729,857.7203,205.2102,712.5,712.344101123595,109.034534534535,40,14,395,269.1137,9342.576,78.06427,23.86234,NA,NA,NA,NA,NA,NA,NA,NA,NA,NA,NA,NA,NA,NA,NA,NA,NA,NA,12,13,11,13,10,15,"intended",76.9,136.6,127.1,99.1,0.225,0.126,0.101,0.098
"119",60,1,"LS","Low_Stress","Control",2,NA,NA,NA,NA,NA,NA,NA,NA,NA,NA,NA,NA,NA,NA,NA,NA,NA,NA,NA,NA,NA,NA,58,55,3015,1248.806,473571.9,13.93219,33.9997,NA,NA,NA,NA,NA,NA,NA,NA,NA,NA,NA,NA,NA,NA,NA,NA,NA,NA,14,15,17,20,17,36,"intended",63.8,70,54,56.4,0.092,0.064,0.063,0.06
"120",60,2,"HS","High_Stress","Control",2,NA,NA,NA,NA,NA,NA,NA,NA,NA,NA,NA,NA,NA,NA,NA,NA,NA,NA,NA,NA,NA,NA,NA,NA,NA,NA,NA,NA,NA,NA,NA,NA,NA,NA,NA,NA,NA,NA,NA,NA,NA,NA,NA,NA,NA,NA,NA,NA,NA,NA,NA,NA,NA,"intended",NA,NA,NA,NA,NA,NA,NA,NA
"121",61,1,"HS","High_Stress","Mindfulness",1,2018-09-13,757.5747,366.7842,430,200,221,0.4651163,0.5240384,182,18,0.4232558,0.04245283,56150,0.07134987,0.01622781,3.070824,1.028314,866.5345,196.3046,463.5,463.290697674419,-114.69099756691,40,21,825,394.312,30856.64,154.6345,39.12427,88.0095238095238,NA,0.895238095238095,99.0598039215686,59.9460784313725,1,NA,NA,NA,NA,NA,NA,NA,NA,NA,NA,NA,NA,14,12,16,12,10,15,"intended",146.9,149.9,135.5,139.2,0.329,0.265,0.24,0.264
"122",61,2,"LS","Low_Stress","Mindfulness",1,2018-09-14,707.2595,357.6855,433,226,193,0.5275,0.4473068,204,22,0.4775,0.05225653,57843.75,0.04633144,0.02226909,0.5254449,4.104631,870.9819,187.035,334,333.949074074074,-145.8675,40,17,625,321.3894,16908.62,131.677,26.02015,74.9122807017544,NA,0.996491228070175,79.96,98.0504761904762,1,NA,NA,NA,NA,NA,NA,NA,NA,NA,NA,NA,NA,10,13,10,14,10,13,"intended",111.4,172.7,141.5,172.5,0.372,0.437,0.37,0.348
"123",62,1,"LS","Low_Stress","Reappraisal",2,2018-09-20,685.9489,497.6223,589,187,369,0.3190395,0.6320583,183,4,0.3121784,0.006932409,56346.88,0.04001534,0.004784551,0.682597,0.1432655,940.7798,122.0374,654,653.995741056218,201.130236794171,40,27,885,513.5735,60798.12,61.76263,36.37868,66.8595238095238,NA,1,76.4010256410256,NA,0.623589743589744,NA,NA,NA,NA,NA,NA,NA,NA,NA,NA,NA,NA,16,16,15,15,16,16,"intended",64.5,95.4,71.3,46.2,0.269,0.156,0.136,0.156
"124",62,2,"HS","High_Stress","Reappraisal",2,2018-09-21,603.1734,447.4415,607,193,367,0.3432282,0.6046128,187,6,0.3339518,0.01036269,60487.5,0.06788976,0.001829733,4.499584,0.005077448,948.2734,114.5333,533,533.072847682119,248.996240601504,40,18,640,352.9532,20306.79,73.52491,24.68904,70.96875,NA,1,86.1303921568627,65.2254901960784,0.993137254901961,NA,NA,NA,NA,NA,NA,NA,NA,NA,NA,NA,NA,17,15,15,12,15,14,"intended",107.4,82.5,72.3,61.3,0.188,0.125,0.106,0.092
"125",63,1,"HS","High_Stress","Control",1,2018-10-04,748.6769,399.989,867,193,657,0.2238979,0.7637231,181,12,0.2099768,0.01400233,52668.75,0.01961784,0.01013629,0.4084614,2.214976,935.3673,127.604,539.5,539.374279123414,-40.1979542719615,40,26,765,500.1161,60023.65,132.8809,37.80371,62.4807692307692,NA,0,115.111403508772,NA,0.863157894736842,NA,NA,NA,NA,NA,NA,NA,NA,NA,NA,NA,NA,19,19,22,27,24,25,"intended",136.8,138.3,116.3,94,0.691,0.403,0.397,0.386
"126",63,2,"LS","Low_Stress","Control",1,2018-10-05,666.7324,420.0492,585,194,379,0.3757455,0.6478633,191,3,0.3697813,0.006036217,56643.75,0.04196592,0.006054345,0.6042756,0.2052602,953.586,109.2433,655.5,655.413675213675,226.030181086519,40,26,795,498.2983,58193.4,43.0889,19.18703,81.1952380952381,NA,0.980952380952381,96.0814814814815,55.7194444444444,0.989814814814815,NA,NA,NA,NA,NA,NA,NA,NA,NA,NA,NA,NA,19,21,24,21,22,21,"intended",60,94,54.1,85.4,0.549,0.397,0.332,0.292
"127",64,1,"LS","Low_Stress","Mindfulness",2,2018-10-18,695.4516,440.3953,477,197,239,0.4148936,0.505423,189,8,0.3987069,0.01709402,56309.38,0.1484935,0.01012678,102.9477,0.6150545,935.7849,127.03,594,594.024109014675,122.511210762332,40,28,1000,518.6812,62787.71,41.48359,20.42664,63.7483870967742,NA,0,47.7578534031414,NA,0,NA,NA,NA,NA,NA,NA,NA,NA,NA,NA,NA,NA,14,14,14,17,10,15,"intended",97.9,267.8,182.4,178.6,0.131,0.173,0.171,0.182
"128",64,2,"HS","High_Stress","Mindfulness",2,2018-10-19,722.5823,341.6535,652,206,391,0.3200663,0.6031746,197,9,0.3084577,0.01417323,56081.25,0.07366512,0.004422665,4.391071,0.1095005,905.5292,157.3317,586,586.006901840491,79.9841930116472,40,22,800,428.4161,36552.61,45.92175,27.97168,NA,NA,NA,65.1270161290323,NA,0.0120967741935484,NA,NA,NA,NA,NA,NA,NA,NA,NA,NA,NA,NA,10,11,11,11,11,14,"intended",145.3,127.8,237.3,159.4,0.164,0.143,0.182,0.132
"129",65,1,"HS","High_Stress","Reappraisal",1,2018-11-01,686.5977,487.6364,557,195,325,0.3539326,0.586521,186,9,0.3389513,0.01636364,56965.63,0.04626055,0.01663372,0.7850772,1.528101,952.354,110.6839,558,558.13644524237,103.367172675522,40,19,560,376.1682,25185.32,69.29446,19.69606,83.8979166666667,NA,1,99.178431372549,32.9176470588235,1,NA,NA,NA,NA,NA,NA,NA,NA,NA,NA,NA,NA,17,14,16,12,11,17,"intended",28.5,42.6,32.8,44.3,0.535,0.253,0.21,0.228
"130",65,2,"LS","Low_Stress","Reappraisal",1,2018-11-02,675.9883,360.9216,644,196,411,0.3048212,0.6450079,194,2,0.3017107,0.003139718,57440.63,0.03862164,0.003218448,0.8528511,0.04083782,942.8813,120.0915,680.5,680.597049689441,246.722402597403,40,20,625,384.0887,26774.64,57.91687,15.8162,82.9759259259259,NA,0.97962962962963,112.009259259259,24.1962962962963,1,NA,NA,NA,NA,NA,NA,NA,NA,NA,NA,NA,NA,17,12,11,11,10,15,"intended",29.4,26.2,32.1,43.3,0.684,0.275,0.314,0.321
"131",66,1,"HS","High_Stress","Mindfulness",1,2018-11-08,667.7908,433.8345,687,195,455,0.2838428,0.6691505,188,7,0.2736536,0.01047904,57103.13,0.03686409,0.02804589,0.62292,14.50017,970.8839,92.2365,569.5,569.559679767103,131.685628742515,42,25,775,490.6892,49552.23,255.5945,28.67646,NA,NA,NA,54.5968586387435,NA,0.0732984293193717,NA,NA,NA,NA,NA,NA,NA,NA,NA,NA,NA,NA,10,13,10,13,10,16,"intended",197,238.5,210.2,190.6,0.501,0.235,0.193,0.174
"132",66,2,"LS","Low_Stress","Mindfulness",1,2018-11-09,661.4501,424.2158,448,200,235,0.4464286,0.5348837,195,5,0.4352679,0.01162791,58443.75,0.1413014,0.01091521,26.48072,0.6118001,934.3361,126.7097,626,626.227678571429,198.324418604651,40,24,720,449.0788,42852.86,89.26182,27.88451,NA,NA,NA,NA,NA,NA,NA,NA,NA,NA,NA,NA,NA,NA,NA,NA,NA,NA,12,12,10,13,11,13,"intended",216.2,123.8,95.8,108.4,0.857,0.457,0.337,0.284
"133",67,1,"LS","Low_Stress","Control",2,2018-11-27,801.2041,336.9395,683,76,600,0.112426,0.8828829,76,0,0.112426,0,23078.13,0.01032562,0.00124211,0.06433948,0.002739083,1000.531,62.66302,818,817.89458272328,114.25462962963,42,2,35,43.28693,51.27816,74.59346,5.036406,NA,NA,NA,60.7037037037037,NA,0.0336700336700337,NA,NA,NA,NA,NA,NA,NA,NA,NA,NA,NA,NA,19,14,19,19,13,17,"intended",15.4,31.2,21.8,29.4,0.406,0.236,0.21,0.242
"134",67,2,"HS","High_Stress","Control",2,2018-11-30,799.2723,349.9436,1212,135,1053,0.1136974,0.8706383,133,2,0.1119069,0.001798561,40328.13,0.01613002,0.002217458,0.2166047,0.0433981,1000.861,62.23323,775.5,775.63696369637,76.5651978417266,40,0,0,0,0,44.0113,0,NA,NA,NA,87.5088235294118,NA,0.93921568627451,NA,NA,NA,NA,NA,NA,NA,NA,NA,NA,NA,NA,18,16,21,16,21,18,"intended",17.1,63.3,39.7,40.8,0.552,0.433,0.362,0.346
"135",68,1,"HS","High_Stress","Control",1,2018-11-29,733.5655,373.0138,1233,205,963,0.1688425,0.7813559,195,10,0.1618799,0.008326394,55575,0.01576818,0.00234334,0.2122209,0.06038736,977.5069,85.34593,556.5,556.580304311074,27.9200351493849,40,5,95,94.78557,522.8467,293.9999,12.9766,65,NA,0,64.5809523809524,NA,0,NA,NA,NA,NA,NA,NA,NA,NA,NA,NA,NA,NA,19,16,15,16,11,27,"intended",75.8,129.2,113,108.1,0.146,0.261,0.241,0.275
"136",68,2,"LS","Low_Stress","Control",1,2018-11-30,725.4022,358.6933,1322,208,1056,0.1637573,0.7987897,202,6,0.159601,0.004672897,55515.63,0.01536253,0.002989161,0.195621,0.1158147,985.364,78.01867,626,626.060698027314,95.6088944305902,41,6,190,111.6073,855.759,100.6372,6.757571,87.2234513274336,NA,0.856194690265487,85.45,61.9291666666667,0.999305555555556,NA,NA,NA,NA,NA,NA,NA,NA,NA,NA,NA,NA,14,15,23,17,19,23,"intended",48.2,86.8,93.2,123.8,0.138,0.257,0.222,0.207
"137",69,1,"LS","Low_Stress","Mindfulness",2,2018-12-04,781.47,581.7206,813,166,619,0.2062112,0.7642586,149,17,0.1850932,0.02151899,39556.25,0.01412141,0.005448097,0.1284578,0.3039379,980.5933,82.38426,465.5,465.327183271833,-177.709210526316,40,20,580,387.1087,27990.22,281.6595,62.067,NA,NA,NA,NA,NA,NA,NA,NA,NA,NA,NA,NA,NA,NA,NA,NA,NA,NA,11,13,11,18,11,24,"intended",69.2,56.1,33.9,41.3,0.305,0.2,0.178,0.185
"138",69,2,"HS","High_Stress","Mindfulness",2,NA,NA,NA,NA,NA,NA,NA,NA,NA,NA,NA,NA,NA,NA,NA,NA,NA,NA,NA,NA,NA,NA,NA,NA,NA,NA,NA,NA,NA,NA,NA,NA,NA,NA,NA,NA,NA,NA,NA,NA,NA,NA,NA,NA,NA,NA,NA,NA,NA,NA,NA,NA,NA,"intended",NA,NA,NA,NA,NA,NA,NA,NA
"139",70,1,"LS","Low_Stress","Reappraisal",2,2019-01-22,801.2208,297.9659,499,136,356,0.28125,0.7212389,121,15,0.25,0.03164557,34903.13,0.02072448,0.01044064,0.1603436,0.6984339,891.1399,171.8703,539.5,539.738853503185,-106.038116591928,41,17,675,332.0388,17433.91,175.3438,47.1558,54.1276595744681,NA,0.117021276595745,62.6446280991736,NA,0.0909090909090909,NA,NA,NA,NA,NA,NA,NA,NA,NA,NA,NA,NA,13,11,12,18,10,20,"intended",80.2,288,169.9,106.6,0.223,0.21,0.164,0.143
"140",70,2,"HS","High_Stress","Reappraisal",2,2019-01-24,758.1712,415.0355,534,189,336,0.3539326,0.6367188,182,7,0.340824,0.01313321,49393.75,0.03760291,0.009115987,0.3074438,0.6775008,897.4169,165.4221,664,664.249063670412,65.9765625,42,22,665,426.4814,36950.88,95.15891,44.32072,NA,NA,NA,67.1532846715328,NA,0,NA,NA,NA,NA,NA,NA,NA,NA,NA,NA,NA,NA,15,14,12,12,10,20,"intended",152,245.8,178.1,109.4,0.368,0.197,0.175,0.199
"141",71,1,"HS","High_Stress","Mindfulness",1,2019-01-22,801.2673,251.8294,300,63,237,0.2178571,0.7926421,58,5,0.2035714,0.01666667,19621.88,0.01898138,0.00323081,0.05078997,0.01128676,942.8965,120.1676,751,750.8127090301,51.9678571428572,40,4,120,76.12338,287.6646,289.845,16.52259,NA,NA,NA,56.3921568627451,NA,0,NA,NA,NA,NA,NA,NA,NA,NA,NA,NA,NA,NA,16,14,20,12,19,26,"intended",232.7,142.2,129.4,90.4,0.149,0.119,0.083,0.065
"142",71,2,"LS","Low_Stress","Mindfulness",1,2019-01-24,801.2218,291.0554,356,111,245,0.3153409,0.6938776,106,5,0.3023952,0.01453488,34071.88,0.03063642,0.004212843,0.1347857,0.02704749,880.871,182.0847,749,748.85393258427,65.6398176291793,40,2,75,37.70461,47.38723,207.3141,13.08533,NA,NA,NA,89,NA,0,NA,NA,NA,NA,NA,NA,NA,NA,NA,NA,NA,NA,13,17,19,13,11,18,"intended",139.9,133,101.8,94.6,0.169,0.181,0.157,0.146
"143",72,1,"LS","Low_Stress","Control",2,2019-01-29,773.6887,297.2531,543,173,359,0.3381148,0.6611418,164,9,0.3196721,0.01848049,45600,0.05205184,0.005726,1.117236,0.1564212,905.3002,157.5928,636,635.988950276243,-9.72279260780289,46,37,1495,802.6771,163691.6,58.85664,43.64845,50.1101321585903,NA,0.066079295154185,104.896305125149,NA,0.258641239570918,NA,NA,NA,NA,NA,NA,NA,NA,NA,NA,NA,NA,19,20,24,24,24,23,"intended",93.5,115.8,101.8,86.6,0.107,0.081,0.078,0.08
"144",72,2,"HS","High_Stress","Control",2,NA,NA,NA,NA,NA,NA,NA,NA,NA,NA,NA,NA,NA,NA,NA,NA,NA,NA,NA,NA,NA,NA,46,37,1285,784.8167,158554.6,66.61197,50.05494,NA,NA,NA,62.9729119638826,NA,0.00677200902934537,NA,NA,NA,NA,NA,NA,NA,NA,NA,NA,NA,NA,24,22,24,27,NA,NA,NA,NA,NA,NA,NA,NA,NA,NA,NA
"145",73,1,"HS","High_Stress","Mindfulness",1,2019-02-05,801.2355,223.1509,368,149,217,0.4110787,0.5964392,126,23,0.3460411,0.0670554,36906.25,0.03179961,0.006658598,0.2378165,0.121842,850.874,212.203,391.5,391.280653950954,-251.838905775076,40,10,225,185.1228,3654.754,252.9875,14.02911,72.2297297297297,NA,0,58.7419786096257,NA,0.0294117647058824,NA,NA,NA,NA,NA,NA,NA,NA,NA,NA,NA,NA,18,11,18,11,18,16,"intended",53.1,206.1,83.6,93,0.829,0.395,0.329,0.282
"146",73,2,"LS","Low_Stress","Mindfulness",1,2019-02-07,801.2525,211.6241,510,137,373,0.2740899,0.7346939,129,8,0.261242,0.01619433,40162.5,0.02007126,0.009788364,0.09796565,0.6122929,898.4874,164.6542,680.5,680.374509803922,38.3532608695652,40,15,435,279.0581,11581.57,127.0337,24.56762,64.8108108108108,NA,0,73.5140186915888,NA,0,NA,NA,NA,NA,NA,NA,NA,NA,NA,NA,NA,NA,17,11,19,11,18,12,"intended",80.7,127.1,109.7,93.8,NA,0.477,0.483,0.429
"147",74,1,"HS","High_Stress","Mindfulness",1,2019-02-05,781.0459,250.3102,775,118,648,0.1629834,0.836129,114,4,0.1574586,0.005524862,31084.38,0.008518213,0.02073447,0.04616212,6.886398,934.0084,98.80386,721,721.054193548387,39.4668508287293,40,23,680,435.6628,39139.66,309.701,68.76189,62.2297297297297,NA,0,78.7095238095238,80.4198412698413,1,NA,NA,NA,NA,NA,NA,NA,NA,NA,NA,NA,NA,11,17,11,25,10,19,"intended",94,91.7,116.1,79.9,0.116,0.101,0.102,0.1
"148",74,2,"LS","Low_Stress","Mindfulness",1,2019-02-07,675.4434,345.6184,606,203,374,0.3349835,0.6298811,199,4,0.3283828,0.006633499,56565.63,0.2002752,0.01071839,76.07264,1.427659,924.9734,137.6742,641.5,641.671617161716,208.392006802721,40,22,775,410.6499,35304.14,83.50451,34.01193,70.9625,NA,0,69.6036269430052,NA,0.637305699481865,NA,NA,NA,NA,NA,NA,NA,NA,NA,NA,NA,NA,11,12,13,13,12,17,"intended",118.1,92.8,74,82.5,0.104,0.093,0.067,0.064
"149",75,1,"LS","Low_Stress","Reappraisal",2,2019-02-12,698.5905,384.431,473,212,254,0.4519016,0.5406594,198,14,0.4228188,0.03030303,58159.38,0.1277124,0.008253124,43.13484,0.3470987,890.8748,171.6191,480.5,480.609110169491,1.02934537246051,40,25,635,467.9201,45348.66,124.696,59.01636,60.3636363636364,NA,0,77.1345419847328,NA,0.0152671755725191,NA,NA,NA,NA,NA,NA,NA,NA,NA,NA,NA,NA,12,12,12,14,10,18,"intended",21,33.6,28.2,28.7,0.33,0.115,0.094,0.096
"150",75,2,"HS","High_Stress","Reappraisal",2,2019-02-14,663.8179,388.908,484,202,265,0.4353448,0.5475206,201,1,0.4331897,0.002247191,56746.88,0.0412394,0.005471781,0.5090507,0.137787,914.7224,148.3314,702.5,702.744306418219,275.066292134831,40,21,710,391.4508,30694.8,88.88541,33.82273,49.1485148514851,NA,0,64.4526315789474,NA,0,NA,NA,NA,NA,NA,NA,NA,NA,NA,NA,NA,NA,10,12,11,14,10,15,"intended",22.8,46.7,63,50.2,0.354,0.199,0.142,0.147
"151",76,1,"HS","High_Stress","Reappraisal",1,2019-02-12,749.7463,353.9328,362,198,163,0.5484765,0.461318,188,10,0.5207756,0.02808989,52996.88,0.1830846,0.03731075,55.67094,2.629848,858.9741,203.9486,623,623.200276243094,39.7865329512894,40,17,430,314.3397,16668.76,198.6974,62.16661,65,NA,0,66.9965635738832,NA,0,NA,NA,NA,NA,NA,NA,NA,NA,NA,NA,NA,NA,21,23,22,22,17,22,"intended",91,123.7,68.7,76.1,0.646,0.412,0.348,0.35
"152",76,2,"LS","Low_Stress","Reappraisal",1,2019-02-15,772.1567,371.6522,349,177,172,0.5248447,0.4928367,171,6,0.5093167,0.01846154,45306.25,0.02274818,0.06836695,0.05175427,18.62358,857.4564,205.4238,717,716.908309455587,94.0189873417721,NA,NA,NA,NA,NA,NA,NA,89.3877551020408,NA,0.244897959183673,59.4612546125461,NA,0,NA,NA,NA,NA,NA,NA,NA,NA,NA,NA,NA,NA,15,22,13,15,16,17,"shorter",74.9,140.9,58.7,90,0.289,0.198,0.135,0.107
"153",77,1,"LS","Low_Stress","Mindfulness",2,2019-02-12,680.0167,324.4404,511,197,300,0.3869048,0.5971074,189,8,0.3710317,0.01606426,54268.75,0.03153817,0.01119696,0.3034096,1.12101,919.7145,143.0582,575,574.903846153846,151.723602484472,40,19,820,341.2724,22241.06,240.0057,112.6339,NA,NA,NA,NA,NA,NA,NA,NA,NA,NA,NA,NA,NA,NA,NA,NA,NA,NA,17,12,16,17,16,13,"intended",253.5,76.6,127.1,223.9,0.266,0.092,0.088,0.072
"154",77,2,"HS","High_Stress","Mindfulness",2,NA,NA,NA,NA,NA,NA,NA,NA,NA,NA,NA,NA,NA,NA,NA,NA,NA,NA,NA,NA,NA,NA,NA,NA,NA,NA,NA,NA,NA,NA,NA,NA,NA,NA,NA,NA,NA,NA,NA,NA,NA,NA,NA,NA,NA,NA,NA,NA,NA,NA,NA,NA,NA,"intended",NA,NA,NA,NA,NA,NA,NA,NA
"155",78,1,"LS","Low_Stress","Reappraisal",2,2019-02-12,801.34,338.1482,537,105,426,0.2043222,0.7971311,98,7,0.1905697,0.01380671,30896.88,0.0483357,0.01854846,1.096483,1.22133,954.6677,108.694,690,689.875700934579,5.93064182194617,40,18,655,347.5121,20347.91,223.5203,76.65971,71.6098765432099,NA,0.68641975308642,115.887254901961,50.728431372549,0.651960784313726,NA,NA,NA,NA,NA,NA,NA,NA,NA,NA,NA,NA,11,11,10,14,14,13,"intended",678.3,391.3,226.2,159.4,0.062,0.15,0.247,0.15
"156",78,2,"HS","High_Stress","Reappraisal",2,2019-02-14,726.7241,425.9207,771,173,596,0.2295302,0.7734057,168,5,0.2237762,0.006756757,51287.5,0.02130994,0.0254151,0.200352,5.370515,954.3123,108.523,660.5,660.260700389105,125.796322489392,40,8,175,147.6861,1928.555,65.97864,21.25796,68.6842105263158,NA,0,65.0810014727541,NA,0.0972017673048601,NA,NA,NA,NA,NA,NA,NA,NA,NA,NA,NA,NA,10,9,NA,NA,NA,NA,"intended",147.9,274.7,185.6,210.4,0.187,0.093,0.069,0.062
"157",79,1,"LS","Low_Stress","Control",2,2019-02-19,668.8073,311.8006,376,198,164,0.5265958,0.4481793,190,8,0.5053192,0.02179836,57662.5,0.09454535,0.0100907,3.669583,0.3991073,884.2986,172.2415,585.5,585.678191489362,159.117647058824,40,19,665,351.6901,22891.64,112.962,41.44902,72.3333333333333,NA,0,68.1713147410359,NA,0.00398406374501992,NA,NA,NA,NA,NA,NA,NA,NA,NA,NA,NA,NA,NA,NA,9,7,14,14,"intended",18.5,25.7,29.7,12,0.224,0.182,0.195,0.288
"158",79,2,"HS","High_Stress","Control",2,2019-02-22,722.0517,310.005,492,163,325,0.335391,0.6638116,160,3,0.3292181,0.006451613,48593.75,0.03599643,0.003358641,0.3996942,0.03281361,929.3239,133.8032,711.5,711.384146341463,165.581720430108,NA,NA,NA,NA,NA,NA,NA,NA,NA,NA,NA,NA,NA,NA,NA,NA,NA,NA,NA,NA,NA,NA,NA,NA,NA,14,14,16,14,10,20,"shorter",28,28,37.4,36.2,0.408,0.29,0.25,0.222
"159",80,1,"HS","High_Stress","Reappraisal",1,2019-03-01,735.2515,422.2719,835,206,596,0.2551546,0.7137725,193,13,0.2396907,0.01639344,53803.13,0.02586536,0.004567971,0.3324986,0.1738907,956.363,106.4933,507.5,507.294717887155,-42.5013106159895,NA,NA,NA,NA,NA,NA,NA,65,NA,0,74.9509803921569,76.4676470588235,1,NA,NA,NA,NA,NA,NA,NA,NA,NA,NA,NA,NA,18,15,13,13,17,22,"intended",86.4,135.1,95,68.1,0.125,0.119,0.116,0.115
"160",80,2,"LS","Low_Stress","Reappraisal",1,NA,NA,NA,NA,NA,NA,NA,NA,NA,NA,NA,NA,NA,NA,NA,NA,NA,NA,NA,NA,NA,NA,NA,NA,NA,NA,NA,NA,NA,75.6627906976744,NA,0.313953488372093,86.5519607843137,60.5058823529412,1,NA,NA,NA,NA,NA,NA,NA,NA,NA,NA,NA,NA,21,14,22,20,16,17,"shorter",70.7,63.5,63.5,36.4,0.152,0.13,0.15,0.146
"161",81,1,"HS","High_Stress","Mindfulness",1,2019-02-26,794.2399,273.0932,504,171,313,0.3585746,0.6210318,157,14,0.3296214,0.02922756,42434.38,0.02954545,0.009374398,0.2402411,0.6057724,893.0141,169.92,556,556.097222222222,-111.320712694877,40,21,660,385.6359,30194.12,213.351,95.21196,65,NA,0,67.6913746630728,NA,0.0121293800539084,NA,NA,NA,NA,NA,NA,NA,NA,NA,NA,NA,NA,20,19,16,17,23,32,"intended",64.8,74.5,50.7,45.9,0.635,0.249,0.19,0.203
"162",81,2,"LS","Low_Stress","Mindfulness",1,2019-02-28,731.127,372.4754,784,197,559,0.2541209,0.7189119,182,15,0.2348901,0.01923077,49459.38,0.02156831,0.1137255,0.1410352,572.9347,950.5974,112.5363,462.5,462.542729591837,-80.3035714285714,40,18,540,334.9799,19457.15,102.4507,40.09711,NA,NA,NA,NA,NA,NA,NA,NA,NA,NA,NA,NA,NA,NA,NA,NA,NA,NA,15,18,15,17,14,25,"intended",34.6,53.8,39.9,44.9,1.866,0.955,0.817,0.712
"163",82,1,"HS","High_Stress","Control",1,2019-02-26,801.3145,426.332,573,97,466,0.1730419,0.8132635,79,18,0.143898,0.03202847,23768.75,0.0145583,0.001370584,0.06698625,0.003388585,965.6032,97.65257,461.5,461.740837696335,-200.902193784278,40,8,165,151.6206,1939.83,409.7244,14.86026,NA,NA,NA,NA,NA,NA,NA,NA,NA,NA,NA,NA,NA,NA,NA,NA,NA,NA,29,11,29,17,NA,NA,NA,139.9,NA,NA,NA,0.378,NA,NA,NA
"164",82,2,"LS","Low_Stress","Control",1,NA,NA,NA,NA,NA,NA,NA,NA,NA,NA,NA,NA,NA,NA,NA,NA,NA,NA,NA,NA,NA,NA,NA,NA,NA,NA,NA,NA,NA,NA,NA,NA,NA,NA,NA,NA,NA,NA,NA,NA,NA,NA,NA,NA,NA,NA,NA,NA,NA,NA,NA,NA,NA,NA,NA,NA,NA,NA,NA,NA,NA,NA
"165",83,1,"LS","Low_Stress","Control",2,2019-03-05,748.225,452.8624,466,195,269,0.4197802,0.5844749,188,7,0.4060325,0.0154185,52553.13,0.03045685,0.008403952,0.23988,0.4369932,892.3777,170.101,666,665.903587443946,106.296983758701,40,16,525,289.166,13664.02,76.71253,24.52535,78.2122015915119,NA,0.631299734748011,85.9270935960591,NA,0.530049261083744,NA,NA,NA,NA,NA,NA,NA,NA,NA,NA,NA,NA,11,11,13,14,10,16,"intended",128.4,162.7,113,86.1,0.269,0.236,0.208,0.214
"166",83,2,"HS","High_Stress","Control",2,2019-03-07,746.308,344.5584,540,140,392,0.259887,0.733463,134,6,0.2486085,0.01149425,43231.25,0.02953516,0.0007118838,0.3026922,0.0006039629,935.7333,127.3025,666,666.028703703704,92.9036144578313,40,7,290,138.1057,1386.967,95.41853,16.00794,73.2415349887133,NA,0.740406320541761,96.6759259259259,87.5240740740741,0.615740740740741,NA,NA,NA,NA,NA,NA,NA,NA,NA,NA,NA,NA,10,11,10,12,10,17,"intended",53.8,134.6,61.3,88.6,0.274,0.317,0.287,0.269
"167",84,1,"LS","Low_Stress","Reappraisal",2,2019-03-05,735.3257,465.2062,544,186,350,0.3431734,0.6539197,169,17,0.3118081,0.03153989,45175,0.02214634,0.01577417,0.1866423,1.111939,920.7663,142.169,436.5,436.597605893186,-116.24472168906,40,18,560,355.0977,19333.8,178.8377,65.87672,59.6753926701571,NA,0.926701570680628,68.8343137254902,137.908823529412,1,NA,NA,NA,NA,NA,NA,NA,NA,NA,NA,NA,NA,12,12,11,12,10,13,"intended",56.1,63.1,56.6,73,0.429,0.34,0.335,0.314
"168",84,2,"HS","High_Stress","Reappraisal",2,2019-03-07,674.7229,423.5139,613,180,418,0.2970297,0.6877133,175,5,0.2887789,0.00837521,52568.75,0.03986545,0.0008300542,0.6229316,0.001134661,923.91,139.1158,618,617.878466557912,185.797089041096,40,9,285,170.5909,2634.309,105.2068,15.36201,61,NA,0.956521739130435,68.0413043478261,175.826086956522,1,NA,NA,NA,NA,NA,NA,NA,NA,NA,NA,NA,NA,11,11,10,12,10,14,"intended",88.4,73.3,99.9,173.8,0.428,0.324,0.284,0.276
"169",85,1,"LS","Low_Stress","Mindfulness",2,2019-03-05,727.9957,396.724,451,159,281,0.3529412,0.6298851,151,8,0.3348416,0.0183908,50256.25,0.0736381,0.001752841,1.763505,0.004826437,937.4179,125.355,623.5,623.716186252772,65.432183908046,40,20,600,424.9182,34427.12,146.8967,43.76891,87.1399416909621,NA,0.75801749271137,108.150442477876,NA,0.422812192723697,NA,NA,NA,NA,NA,NA,NA,NA,NA,NA,NA,NA,18,12,17,18,15,27,"intended",295.7,182.5,210.1,171.9,0.328,0.125,0.109,0.147
"170",85,2,"HS","High_Stress","Mindfulness",2,2019-03-07,600.6597,256.983,362,196,151,0.5428572,0.4213483,190,6,0.5257143,0.01749271,61437.5,0.1413378,0.001380969,13.96494,0.001114977,915.9056,140.2478,566,565.859116022099,242.180758017493,40,19,540,361.6888,23467.8,120.2938,15.54736,91.042735042735,NA,0.797720797720798,100.598245614035,58.571052631579,0.575438596491228,NA,NA,NA,NA,NA,NA,NA,NA,NA,NA,NA,NA,15,14,14,13,10,14,"intended",281.9,227.8,260.3,289.8,0.313,0.116,0.106,0.107
"171",86,1,"HS","High_Stress","Control",1,NA,NA,NA,NA,NA,NA,NA,NA,NA,NA,NA,NA,NA,NA,NA,NA,NA,NA,NA,NA,NA,NA,42,8,165,179.4539,2447.867,105.1236,14.02463,NA,NA,NA,NA,NA,NA,NA,NA,NA,NA,NA,NA,NA,NA,NA,NA,NA,NA,NA,NA,NA,NA,NA,NA,NA,NA,NA,NA,NA,NA,NA,NA,NA
"172",86,2,"LS","Low_Stress","Control",1,NA,NA,NA,NA,NA,NA,NA,NA,NA,NA,NA,NA,NA,NA,NA,NA,NA,NA,NA,NA,NA,NA,NA,NA,NA,NA,NA,NA,NA,NA,NA,NA,NA,NA,NA,NA,NA,NA,NA,NA,NA,NA,NA,NA,NA,NA,NA,NA,NA,NA,NA,NA,NA,NA,NA,NA,NA,NA,NA,NA,NA,NA
"173",87,1,"HS","High_Stress","Mindfulness",1,2019-03-11,801.1633,184.7608,300,68,230,0.2310469,0.7718121,66,2,0.2238267,0.00729927,20087.5,0.01597348,0.003688936,0.0477728,0.01828786,941.7086,121.3205,794.5,794.48,91.029197080292,40,10,285,189.8199,3685.83,333.4226,43.97764,92.4952380952381,57.9952380952381,1,96.4081055607917,NA,0.564561734213007,NA,NA,NA,NA,NA,NA,NA,NA,NA,NA,NA,NA,NA,NA,NA,NA,NA,NA,"shorter",66.6,123.8,86.4,74,0.155,0.124,0.133,0.126
"174",87,2,"LS","Low_Stress","Mindfulness",1,2019-03-13,798.5693,294.5561,358,150,198,0.4259259,0.56,136,14,0.3888889,0.03966006,41646.88,0.03660349,0.001854119,0.275804,0.002952551,814.0431,248.7151,581.5,581.666193181818,-80.7655279503106,40,10,320,193.5844,3756.857,189.2949,21.73703,90.305,NA,0.928333333333333,NA,NA,NA,NA,NA,NA,NA,NA,NA,NA,NA,NA,NA,NA,NA,NA,NA,NA,NA,NA,NA,"shorter",86.6,103,62.3,70.5,0.213,0.164,0.143,0.131
"175",88,1,"LS","Low_Stress","Mindfulness",2,2019-03-12,741.6295,396.7729,428,172,241,0.4028436,0.5714286,169,3,0.3957846,0.007142857,54331.25,0.05895646,0.00188069,0.927171,0.003533826,895.0391,163.1033,746,746.163484486873,173.768472906404,40,21,765,401.5426,28632.13,148.5666,25.18323,81.2782608695652,NA,0.904347826086957,89.6490196078431,49.8509803921569,0.624509803921569,NA,NA,NA,NA,NA,NA,NA,NA,NA,NA,NA,NA,18,19,20,19,18,26,"intended",70.4,207.3,120.9,143,0.264,0.181,0.137,0.138
"176",88,2,"HS","High_Stress","Mindfulness",2,2019-03-14,721.0161,409.7834,372,186,173,0.5249267,0.4650538,183,3,0.516129,0.008797654,55400,0.06321208,0,0.8842484,0,917.2281,145.6781,735.5,735.462365591398,196.445747800587,40,10,325,192.3644,3722.304,230.2317,15.70727,85.6689189189189,NA,0.900900900900901,90.4176470588235,51.3352941176471,1,NA,NA,NA,NA,NA,NA,NA,NA,NA,NA,NA,NA,18,18,18,20,16,22,"intended",28.5,72.8,70.4,110.9,0.529,0.275,0.199,0.172
"177",89,1,"HS","High_Stress","Reappraisal",1,2019-04-02,794.2233,351.6198,424,99,315,0.2506329,0.7429245,97,2,0.2455696,0.005089059,32712.5,0.03129159,0.004645986,0.2147747,0.04976403,912.475,150.449,792.5,792.666666666667,125.676229508197,40,17,495,322.1083,16716.62,255.0381,70.26902,72.2738095238095,77.1928571428571,1,89.4519607843137,63.8970588235294,1,NA,NA,NA,NA,NA,NA,NA,NA,NA,NA,NA,NA,17,11,20,17,11,32,"intended",69.9,194.3,102.5,54.3,0.151,0.133,0.087,0.061
"178",89,2,"LS","Low_Stress","Reappraisal",1,2019-04-05,726.6144,283.9272,430,177,224,0.4116279,0.5309524,171,6,0.3976744,0.01401869,51921.88,0.06088588,0.007646538,0.8107679,0.2941826,851.6873,211.3391,686,685.836879432624,151.647783251232,40,20,720,381.9916,27556.95,144.9316,46.50857,NA,NA,NA,NA,NA,NA,NA,NA,NA,NA,NA,NA,NA,NA,NA,NA,NA,NA,16,16,15,16,15,24,"shorter",57.2,160.9,105.3,100.7,0.277,0.234,0.175,0.192
"179",90,1,"LS","Low_Stress","Control",2,2019-03-12,801.2046,271.0259,400,97,292,0.2520107,0.7340153,91,6,0.2359249,0.01626016,27065.63,0.02318606,0.000757988,0.1196957,0.000298335,865.7068,197.3911,715,714.8325,11.7615176151762,40,12,330,221.5445,5859.06,204.7413,34.90091,82.3787234042553,NA,0.75531914893617,91.4590909090909,66.3916666666667,1,NA,NA,NA,NA,NA,NA,NA,NA,NA,NA,NA,NA,17,14,16,19,16,23,"intended",315,272.2,153.5,141.7,0.257,0.197,0.188,0.191
"180",90,2,"HS","High_Stress","Control",2,2019-03-14,745.7149,291.1378,472,172,290,0.3672566,0.6157205,168,4,0.3585313,0.008849557,52784.38,0.04099739,0.001583769,0.535782,0.003762586,897.3888,165.4139,722,722.033970276009,128.970132743363,40,10,355,195.3376,3785.67,91.62737,15.19517,80.2869822485207,NA,0.952662721893491,85.8305555555555,57.4712962962963,0.988888888888889,NA,NA,NA,NA,NA,NA,NA,NA,NA,NA,NA,NA,11,14,12,15,11,23,"intended",164.7,153.5,108.4,103.2,0.231,0.178,0.174,0.142
"181",91,1,"HS","High_Stress","Mindfulness",1,2019-04-02,771.7036,320.5086,350,191,155,0.559633,0.4505814,181,10,0.5327103,0.02873563,51996.88,0.1559029,0.007217543,34.35574,0.1427855,815.1235,247.6862,664,663.93227665706,43.8166144200627,40,18,550,346.7426,20345.03,149.4526,62.43616,87.1624365482234,NA,0.974619289340102,103.33137254902,42.6862745098039,1,NA,NA,NA,NA,NA,NA,NA,NA,NA,NA,NA,NA,12,14,14,12,10,15,"intended",113.3,104.5,77.9,57.9,0.137,0.091,0.066,0.065
"182",91,2,"LS","Low_Stress","Mindfulness",1,2019-04-04,743.3323,379.0763,457,192,251,0.4249423,0.5504386,189,3,0.4180139,0.006944444,53562.5,0.0392095,0.007976144,0.42788,0.3552316,895.8409,167.1881,741.5,741.601750547046,154.951388888889,40,20,625,376.2974,26306.89,103.1937,53.34071,100.265957446809,NA,0.893617021276596,104.394444444444,40.3601851851852,1,NA,NA,NA,NA,NA,NA,NA,NA,NA,NA,NA,NA,12,11,10,11,10,13,"intended",77.7,82,77.2,61.5,0.243,0.127,0.099,0.079
"183",92,1,"LS","Low_Stress","Reappraisal",2,2019-03-28,717.4071,456.4388,580,205,344,0.3654917,0.5944541,195,10,0.3469388,0.01862197,57203.13,0.04983967,0.008965154,1.701362,0.6584578,918.0632,144.9207,566.5,566.398100172712,31.1545623836127,40,24,590,508.2351,50552.28,86.65729,41.52674,84.7035830618892,NA,0.908794788273616,104.292156862745,55.9872549019608,1,NA,NA,NA,NA,NA,NA,NA,NA,NA,NA,NA,NA,13,14,13,16,13,14,"intended",50.7,58.9,39.2,38,0.146,0.263,0.278,0.319
"184",92,2,"HS","High_Stress","Reappraisal",2,2019-03-29,786.2465,300.1602,696,164,509,0.2536825,0.7322721,160,4,0.2471358,0.00661157,48125,0.03476404,0.005452259,0.4464451,0.201313,883.5876,179.3584,740.5,740.572557471264,70.1,44,27,1005,576.4008,64924.91,77.57036,33.30527,NA,NA,NA,NA,NA,NA,NA,NA,NA,NA,NA,NA,NA,NA,NA,NA,NA,NA,14,11,11,12,10,13,"shorter",54.4,53.8,34.9,42,0.15,0.233,0.294,0.219
"185",93,1,"HS","High_Stress","Control",1,2019-04-12,773.5967,347.6859,687,195,460,0.2993528,0.6710526,189,6,0.2912621,0.008941878,54118.75,0.03129402,0.01079394,0.3986167,0.8529843,892.6353,164.8417,698.5,698.678358208955,60.7065040650406,40,17,565,323.8526,15580.03,250.5689,54.91226,78.6041666666667,84.2833333333333,1,102.630392156863,54.1509803921569,0.427450980392157,NA,NA,NA,NA,NA,NA,NA,NA,NA,NA,NA,NA,23,14,15,19,13,28,"intended",59.2,55.1,77.9,62.2,0.212,0.155,0.123,0.113
"186",93,2,"LS","Low_Stress","Control",1,NA,NA,NA,NA,NA,NA,NA,NA,NA,NA,NA,NA,NA,NA,NA,NA,NA,NA,NA,NA,NA,NA,NA,NA,NA,NA,NA,NA,NA,68.8125,NA,0.95625,88.6911764705882,84.1009803921569,0.970588235294118,NA,NA,NA,NA,NA,NA,NA,NA,NA,NA,NA,NA,14,11,13,12,12,25,"shorter",25.6,42,52.6,50.8,0.388,0.246,0.257,0.237
"187",94,1,"LS","Low_Stress","Mindfulness",2,2019-04-11,801.1794,239.408,455,43,412,0.0945055,0.9148418,29,14,0.06373627,0.03365385,10150,0.01668034,0.001949317,0.06459618,0.00542393,1022.92,39.9495,532,532.153846153846,-132.281173594132,40,7,185,121.398,1144.062,200.0021,13.91516,93.8833333333333,56.1333333333333,1,107.024509803922,34.478431372549,1,NA,NA,NA,NA,NA,NA,NA,NA,NA,NA,NA,NA,30,11,22,13,21,30,"intended",171.2,183,155.3,157.4,0.174,0.128,0.105,0.078
"188",94,2,"HS","High_Stress","Mindfulness",2,2019-04-12,801.2286,305.9625,371,98,271,0.2761628,0.7304582,90,8,0.255814,0.02185792,26737.5,0.02523242,0.001754949,0.1009319,0.002155761,919.0143,143.8349,691.5,691.627397260274,-4.88529411764705,NA,NA,NA,NA,NA,NA,NA,102.361344537815,NA,0.621848739495798,104.863888888889,29.8657407407407,0.971296296296296,NA,NA,NA,NA,NA,NA,NA,NA,NA,NA,NA,NA,30,13,26,12,22,23,"shorter",162.7,227.8,148.4,169.1,0.148,0.13,0.106,0.099
"189",95,1,"HS","High_Stress","Reappraisal",1,2019-04-11,801.2017,330.7409,428,132,275,0.3098592,0.6495098,126,6,0.2957746,0.01452785,39003.13,0.04194764,0.001371162,0.9501391,0.002096721,922.3184,140.8615,726.5,726.670960187354,43.7022900763359,40,25,955,511.5833,63589.57,239.7926,66.23528,87.1275862068966,NA,0.786206896551724,108.852777777778,44.9333333333333,1,NA,NA,NA,NA,NA,NA,NA,NA,NA,NA,NA,NA,10,15,14,17,10,23,"intended",115.6,206.1,133.8,187.1,0.128,0.614,0.614,0.477
"190",95,2,"LS","Low_Stress","Reappraisal",1,2019-04-16,795.5089,404.5114,396,175,212,0.4478022,0.5376623,166,9,0.4285714,0.02368421,47425,0.04388022,0.01994616,0.3707159,0.3322419,879.9511,179.876,676,675.88005050505,20.4333333333333,41,18,530,342.4329,20071.42,251.3887,62.16634,80.4322766570605,NA,0.832853025936599,102.536111111111,59.3277777777778,1,NA,NA,NA,NA,NA,NA,NA,NA,NA,NA,NA,NA,11,13,12,15,11,25,"intended",102,203.2,100.7,85.8,0.313,0.628,0.605,0.461
"191",96,1,"HS","High_Stress","Mindfulness",1,2019-04-16,743.82,366.6537,364,176,168,0.4848485,0.4645892,169,7,0.4655647,0.02011494,52862.5,0.05667488,0.02331599,0.8527365,1.56697,891.0738,171.641,676.5,676.612637362637,87.2155172413793,40,22,605,445.193,40191.35,154.457,49.33998,86.3079019073569,NA,0.874659400544959,105.992307692308,40.8217948717949,1,NA,NA,NA,NA,NA,NA,NA,NA,NA,NA,NA,NA,20,15,18,14,13,21,"intended",103.8,157.3,113.8,104.6,0.242,0.231,0.231,0.223
"192",96,2,"LS","Low_Stress","Mindfulness",1,2019-04-18,683.7488,296.1241,370,203,160,0.5486487,0.4410113,195,8,0.527027,0.02259887,59056.25,0.08778617,0.002684701,2.816744,0.01124312,849.505,213.8215,604,603.805405405405,133.526836158192,40,20,630,379.7194,26832.65,102.1279,37.52567,NA,NA,NA,NA,NA,NA,NA,NA,NA,NA,NA,NA,NA,NA,NA,NA,NA,NA,16,16,12,13,14,18,"intended",67.4,128.1,100.7,98.6,0.307,0.13,0.106,0.149
"193",97,1,"LS","Low_Stress","Control",2,2019-04-16,776.3634,314.8238,521,146,357,0.2802303,0.693837,141,5,0.2718447,0.009652509,45265.63,0.06459039,0.008366952,6.702225,0.5447093,893.9401,169.3189,719.5,719.441458733205,86.0636550308008,40,24,790,467.4475,49948.71,127.9668,67.81911,86.3333333333333,NA,0.995833333333333,109.599019607843,54.0950980392157,1,NA,NA,NA,NA,NA,NA,NA,NA,NA,NA,NA,NA,19,20,24,26,10,31,"intended",123.2,110.2,111.2,81.2,0.225,0.206,0.205,0.244
"194",97,2,"HS","High_Stress","Control",2,2019-04-19,618.5023,309.9074,438,198,213,0.4722222,0.4863014,195,3,0.4646465,0.007575758,57625,0.0501109,0.03854558,0.7121255,13.5255,916.7764,145.9405,625,624.78196347032,288.469696969697,40,33,1325,725.3029,150447.4,59.71844,52.97287,NA,NA,NA,NA,NA,NA,NA,NA,NA,NA,NA,NA,NA,NA,NA,NA,NA,NA,12,15,10,16,12,28,"shorter",108.7,103.2,70.8,65.1,0.277,0.311,0.231,0.19
"195",98,1,"HS","High_Stress","Control",1,2019-04-18,746.8646,421.6799,556,189,341,0.3405405,0.6219739,180,9,0.3243243,0.01642336,51737.5,0.03470059,0.008424634,0.8208424,0.5140122,910.9658,151.9227,613.5,613.526978417266,37.0579439252336,40,29,915,548.5026,81622.94,217.2501,87.02213,64.6169590643275,NA,0.859649122807018,95.7362745098039,72.3088235294118,1,NA,NA,NA,NA,NA,NA,NA,NA,NA,NA,NA,NA,21,16,20,25,22,18,"intended",138.4,121.4,124.3,111.7,0.288,0.33,0.308,0.256
"196",98,2,"LS","Low_Stress","Control",1,2019-04-19,674.5049,377.9,509,192,276,0.3830228,0.5429769,186,6,0.3726708,0.0122449,59909.38,0.1041017,0.00512972,9.763778,0.08646911,880.5068,177.2297,614,614.081854043392,177.461215932914,40,31,1055,574.8354,87153.13,155.9579,49.53234,74.7435897435897,NA,0.856410256410256,84.6462962962963,65.5740740740741,0.977777777777778,NA,NA,NA,NA,NA,NA,NA,NA,NA,NA,NA,NA,19,17,20,15,18,19,"shorter",139.1,140.9,98.9,83.5,0.248,0.147,0.127,0.107
"197",99,1,"LS","Low_Stress","Mindfulness",2,2019-04-23,801.1968,199.6495,694,94,593,0.1448819,0.8544669,88,6,0.1354331,0.009448819,26553.13,0.01263539,0.002044442,0.07349103,0.01254411,966.7072,96.25219,700,700.130403458213,-1.68267716535433,40,5,115,84.66384,437.0187,69.2636,2.657531,71.5813953488372,NA,0.779069767441861,99.0796296296296,52.5324074074074,1,NA,NA,NA,NA,NA,NA,NA,NA,NA,NA,NA,NA,13,12,10,12,10,15,"intended",178.3,120.4,100.5,114,0.185,0.118,0.108,0.108
"198",99,2,"HS","High_Stress","Mindfulness",2,2019-04-25,801.233,188.1611,214,90,124,0.4615385,0.5794392,86,4,0.4410256,0.02072539,24290.63,0.02921528,0.007313379,0.08701108,0.04343072,881.8912,180.9867,778,778.021126760563,79.2461139896373,40,7,200,135.6988,1356.376,80.01924,9.512453,90.496062992126,NA,0.850393700787402,110.083333333333,42.4740740740741,1,NA,NA,NA,NA,NA,NA,NA,NA,NA,NA,NA,NA,11,13,12,14,13,12,"intended",80.7,144.6,100.2,111.2,0.154,0.129,0.109,0.125
"199",100,1,"LS","Low_Stress","Reappraisal",2,2019-04-23,743.1708,353.4206,404,190,202,0.471464,0.5104167,187,3,0.4640199,0.0078125,53809.38,0.05075521,0.001994042,0.6239123,0.004714738,876.0734,186.8752,749.5,749.595297029703,161.9140625,40,10,335,207.2454,4185.964,91.6196,16.54564,80.1472222222222,NA,0.7,133.516666666667,NA,0.42843137254902,NA,NA,NA,NA,NA,NA,NA,NA,NA,NA,NA,NA,15,13,11,17,10,14,"intended",86.9,75.9,64.8,55.4,0.202,0.228,0.184,0.171
"200",100,2,"HS","High_Stress","Reappraisal",2,NA,NA,NA,NA,NA,NA,NA,NA,NA,NA,NA,NA,NA,NA,NA,NA,NA,NA,NA,NA,NA,NA,40,20,715,375.2146,26773.36,38.67722,25.57001,NA,NA,NA,120.693293885602,NA,0.667652859960552,NA,NA,NA,NA,NA,NA,NA,NA,NA,NA,NA,NA,10,12,10,17,10,14,"intended",66.9,70.8,60.7,54.3,0.231,0.184,0.159,0.165
"201",101,1,"HS","High_Stress","Reappraisal",1,2019-07-01,801.2433,541.6171,728,34,693,0.04696133,0.9611802,25,9,0.03453039,0.01306241,7296.875,0.002134323,0.0005353686,0.003982591,0.0003432522,1048.354,14.51477,626,626.025482093664,-17.6053042121685,43,23,840,522.593,47763.25,100.8846,31.53461,NA,NA,NA,NA,NA,NA,NA,NA,NA,NA,NA,NA,NA,NA,NA,NA,NA,NA,35,27,37,32,33,34,"shorter",103,93.2,119.1,140.4,0.194,0.139,0.117,0.115
"202",101,2,"LS","Low_Stress","Reappraisal",1,NA,NA,NA,NA,NA,NA,NA,NA,NA,NA,NA,NA,NA,NA,NA,NA,NA,NA,NA,NA,NA,NA,NA,NA,NA,NA,NA,NA,NA,NA,NA,NA,NA,NA,NA,NA,NA,NA,NA,NA,NA,NA,NA,NA,NA,NA,NA,NA,NA,NA,NA,NA,NA,"shorter",NA,NA,NA,NA,NA,NA,NA,NA
"203",102,1,"LS","Low_Stress","Control",2,2019-07-01,801.2279,241.2051,2190,96,2077,0.04387569,0.9513538,94,2,0.04296161,0.0009881423,25809.38,0.003097752,0.0009079844,0.01033038,0.009018105,1025.04,37.88897,767,766.892465753425,63.9473814229249,47,35,1305,791.4088,149316,68.49768,62.30951,77.3686274509804,NA,0.76078431372549,75.8549019607843,110.988235294118,0.996078431372549,NA,NA,NA,NA,NA,NA,NA,NA,NA,NA,NA,NA,27,15,22,16,26,21,"shorter",35.4,44,33.5,28.4,0.186,0.119,0.115,0.09
"204",102,2,"HS","High_Stress","Control",2,2019-07-02,801.2456,273.472,2233,126,2088,0.06039604,0.9350649,125,1,0.05990099,0.0004952947,35721.88,0.005148136,0.001583191,0.02623895,0.04858222,1015.726,47.40902,789,789.005826983416,86.3789004457652,43,17,675,376.1366,22108.69,64.49014,21.14098,74.5619047619048,111.892857142857,1,91.3970588235294,81.3156862745098,1,NA,NA,NA,NA,NA,NA,NA,NA,NA,NA,NA,NA,34,23,23,20,27,22,"shorter",24.4,26.7,23.8,22.6,0.271,0.128,0.117,0.131
"205",103,1,"HS","High_Stress","Mindfulness",1,2019-07-01,772.0485,219.2927,1493,157,1302,0.1052985,0.8791055,143,14,0.09623149,0.009389671,38843.75,0.01374149,0.0007790147,0.8431953,0.003995007,994.7975,68.10069,511,511.034899328859,-100.565522074282,41,2,25,46.22359,71.22627,84.34465,1.007432,NA,NA,NA,NA,NA,NA,NA,NA,NA,NA,NA,NA,NA,NA,NA,NA,NA,NA,20,16,21,15,20,16,"shorter",285.9,257,176.3,217,0.125,0.106,0.154,0.219
"206",103,2,"LS","Low_Stress","Mindfulness",1,NA,NA,NA,NA,NA,NA,NA,NA,NA,NA,NA,NA,NA,NA,NA,NA,NA,NA,NA,NA,NA,NA,NA,NA,NA,NA,NA,NA,NA,NA,NA,NA,NA,NA,NA,NA,NA,NA,NA,NA,NA,NA,NA,NA,NA,NA,NA,NA,NA,NA,NA,NA,NA,"shorter",NA,NA,NA,NA,NA,NA,NA,NA
"207",104,1,"HS","High_Stress","Control",1,2019-07-08,747.7136,308.9843,1050,176,853,0.1732125,0.8147087,171,5,0.1691489,0.005045409,47396.88,0.01423378,0.003213129,0.1477766,0.1174602,960.1761,102.6079,673,672.913021363174,114.222872340426,40,20,650,402.0541,32166.83,139.3758,48.06295,81.7404761904762,NA,1,111.973148148148,43.2648148148148,1,NA,NA,NA,NA,NA,NA,NA,NA,NA,NA,NA,NA,NA,NA,NA,NA,NA,NA,"shorter",85.9,219.3,167.3,117.8,0.508,0.349,0.287,0.29
"208",104,2,"LS","Low_Stress","Control",1,2019-07-09,710.9206,330.6667,1106,172,859,0.1566952,0.7792088,169,3,0.1547958,0.002747253,50925,0.02285033,0.002082873,0.5065555,0.02964209,982.2188,80.60876,674,674.022151898734,170.928709055877,41,24,710,513.7095,48853.35,72.60242,29.2675,85.4333333333333,NA,1,98.7768518518518,50.6277777777778,1,NA,NA,NA,NA,NA,NA,NA,NA,NA,NA,NA,NA,21,20,20,19,27,27,"shorter",97.9,171.2,95.1,122.5,0.67,0.385,0.363,0.351
"209",105,1,"LS","Low_Stress","Reappraisal",2,2019-07-08,761.4873,336.7975,1456,167,1244,0.1147766,0.857659,157,10,0.1082402,0.006939625,45962.5,0.01304301,0.0009499077,0.2310907,0.005328316,994.096,68.58913,590.5,590.726893676164,-27.654985549133,40,1,40,18.97973,9.71256,124.1761,2.204246,78.8770833333333,NA,1,88.9941176470588,79.8450980392157,0.943137254901961,NA,NA,NA,NA,NA,NA,NA,NA,NA,NA,NA,NA,13,13,15,14,13,14,"shorter",78.9,93.8,80.4,74.8,0.259,0.127,0.114,0.136
"210",105,2,"HS","High_Stress","Reappraisal",2,2019-07-09,698.8836,294.4274,1220,208,948,0.1719965,0.7814845,202,6,0.167675,0.004979253,55043.75,0.01858168,0.003486675,0.2487022,0.1712346,960.7256,95.64201,601.5,601.559016393443,116.236634531113,40,0,0,0,0,92.65599,0.1733821,73.9479166666667,NA,0.991666666666667,86.7245098039216,83.7009803921569,0.922549019607843,NA,NA,NA,NA,NA,NA,NA,NA,NA,NA,NA,NA,11,14,16,16,13,17,"shorter",69.9,144.8,147.1,109.9,0.195,0.162,0.129,0.129
"211",106,1,"HS","High_Stress","Reappraisal",1,2019-07-08,695.8911,406.8505,1154,191,925,0.1671258,0.8027778,183,8,0.1598214,0.007407407,52212.5,0.01568999,0.006968646,0.2620613,1.403164,964.316,77.61683,558.5,558.661458333333,31.2972222222222,42,41,1670,929.8329,267171.5,41.99367,63.78102,68.2666666666667,NA,0.976190476190476,88.4627450980392,57.2421568627451,0.975490196078431,NA,NA,NA,NA,NA,NA,NA,NA,NA,NA,NA,NA,23,19,23,16,21,24,"shorter",179.4,178.9,119.6,118.1,0.114,0.109,0.096,0.089
"212",106,2,"LS","Low_Stress","Reappraisal",1,2019-07-10,708.1525,382.8172,1285,202,1027,0.1631321,0.7992218,192,10,0.1549755,0.008203445,55918.75,0.01695214,0.007241181,0.3035784,1.551995,986.5657,76.35427,530,529.758365758755,33.5025751072961,50,48,1955,1092.3,366627,21.18765,40.59958,68.2238095238095,NA,1,81.9852941176471,63.7637254901961,1,NA,NA,NA,NA,NA,NA,NA,NA,NA,NA,NA,NA,24,22,18,23,22,27,"shorter",152.4,163.5,124.1,122,0.15,0.116,0.086,0.087
"213",107,1,"LS","Low_Stress","Mindfulness",2,2019-07-10,722.9764,381.0795,1774,207,1529,0.1174112,0.8641827,190,17,0.1077738,0.009832273,54818.75,0.01137902,0.001129748,0.1448802,0.01174348,983.1073,61.32431,398.5,398.480214810627,-147.754660252556,44,35,1490,783.3759,154161.4,22.4328,20.47234,73.3979166666667,NA,1,81.7407407407407,70.0296296296296,1,NA,NA,NA,NA,NA,NA,NA,NA,NA,NA,NA,NA,17,15,16,16,16,15,"shorter",61.5,89.5,54.1,80.5,0.227,0.179,0.171,0.157
"214",107,2,"HS","High_Stress","Mindfulness",2,2019-07-12,653.012,307.4873,2003,208,1740,0.106429,0.8695,191,17,0.09724473,0.009254219,53628.13,0.01141169,0.002816947,0.1634433,0.1580523,983.6273,60.65976,326.5,326.393606393606,-102.512520413718,68,60,2590,1364.16,529322.3,9.414338,19.80525,67.4619047619048,NA,1,75.6960784313726,76.5950980392157,0.965686274509804,NA,NA,NA,NA,NA,NA,NA,NA,NA,NA,NA,NA,14,15,14,12,15,13,"shorter",84,81,54.8,41.2,0.29,0.171,0.125,0.159
"215",108,1,"LS","Low_Stress","Reappraisal",2,2019-07-10,778.6062,370.9883,1032,176,829,0.171737,0.8085743,166,10,0.1619235,0.009881423,48853.13,0.01873831,0.01247143,0.2445776,3.24929,977.9088,84.98244,602.5,602.669089147287,-36.7586734693878,40,11,385,208.0009,4789.284,303.5833,59.25003,81.0714285714286,NA,1,95.7901960784314,42.7696078431373,1,NA,NA,NA,NA,NA,NA,NA,NA,NA,NA,NA,NA,11,12,13,11,11,16,"shorter",209.3,103.5,163.3,327,0.256,0.22,0.436,0.213
"216",108,2,"HS","High_Stress","Reappraisal",2,2019-07-12,742.4395,316.8593,1257,193,1028,0.1552163,0.8224756,182,11,0.1475827,0.008906882,53896.88,0.01329817,0.008625119,0.1037296,2.760502,981.3219,81.53181,544.5,544.719246861925,-2.21502145922747,40,16,450,304.7204,14184.63,170.2415,16.79078,NA,NA,NA,NA,NA,NA,NA,NA,NA,NA,NA,NA,NA,NA,NA,NA,NA,NA,13,15,20,17,12,16,"shorter",253.1,391,176,206.8,0.482,0.334,0.137,0.348
"217",109,1,"LS","Low_Stress","Control",2,2019-07-22,620.1241,280.1071,1059,205,788,0.2022587,0.7464115,200,5,0.1971253,0.005263158,57278.13,0.07668554,0.003492021,47.03679,0.1322577,965.7654,73.16859,547,547.068998109641,181.968947368421,41,20,565,389.2928,28936.16,78.84283,35.82986,72.4125,NA,1,83.556862745098,69.2450980392157,1,NA,NA,NA,NA,NA,NA,NA,NA,NA,NA,NA,NA,22,13,18,13,21,14,"shorter",240.6,183.2,114.8,99.5,0.43,0.256,0.176,0.137
"218",109,2,"HS","High_Stress","Control",2,2019-07-23,524.8424,282.818,777,202,521,0.2617801,0.6761134,196,6,0.2539267,0.007915568,58346.88,0.0940445,0.006663181,74.46188,0.4779422,973.5826,83.09959,447.5,447.298,325.099593495935,40,23,730,420.4295,35037.96,35.03769,16.54678,85.60625,NA,1,84.3027777777778,49.5509259259259,1,NA,NA,NA,NA,NA,NA,NA,NA,NA,NA,NA,NA,22,11,22,11,20,11,"shorter",117.6,175.3,132.7,111,0.363,0.161,0.119,0.105
"219",110,1,"HS","High_Stress","Reappraisal",1,2019-07-23,721.7953,342.2237,1126,201,891,0.1786667,0.8024008,193,8,0.1715555,0.007155635,51678.13,0.01290988,0.01266848,0.06837131,2.660225,963.9675,98.92413,585,584.947602131439,79.5817084493965,40,20,675,431.0834,34767.13,127.1445,51.94123,71.4020833333333,NA,1,90.7578431372549,75.7745098039216,1,NA,NA,NA,NA,NA,NA,NA,NA,NA,NA,NA,NA,10,14,13,19,12,20,"shorter",102.5,78.1,69.9,67.6,0.594,0.191,0.175,0.139
"220",110,2,"LS","Low_Stress","Reappraisal",1,2019-07-25,616.7637,412.8623,794,211,534,0.2660782,0.6866841,204,7,0.2572509,0.008939974,57759.38,0.0279926,0.007093585,0.408363,0.5956984,960.1891,98.12794,518.5,518.26726342711,193.295039164491,40,16,535,312.757,15666.15,182.0272,29.98123,67.2729166666667,NA,1,81.7148148148148,90.9259259259259,1,NA,NA,NA,NA,NA,NA,NA,NA,NA,NA,NA,NA,13,13,15,12,10,14,"shorter",76.4,47.7,42.1,43.3,0.208,0.166,0.129,0.131
"221",111,1,"HS","High_Stress","Mindfulness",1,2019-08-07,801.2148,151.5667,1640,60,1577,0.04126547,0.9615853,58,2,0.03988996,0.001375516,16971.88,0.002994455,0.001063193,0.007418891,0.008796304,1033.476,29.39487,766,766.183872938302,63.8363136176066,40,0,0,0,0,271.1641,1.222041,77.4761904761905,NA,1,117.751391465677,45.317254174397,0.984230055658627,NA,NA,NA,NA,NA,NA,NA,NA,NA,NA,NA,NA,22,18,19,16,18,20,"shorter",166.8,164.8,107.9,100,0.216,0.335,0.323,0.319
"222",111,2,"LS","Low_Stress","Mindfulness",1,2019-08-08,801.1912,246.1896,2133,117,2000,0.05678392,0.9380362,112,5,0.05427136,0.002532928,30734.38,0.003886452,0.00233003,0.04095591,0.1515402,1024.84,38.11288,708,708.21455399061,5.25278622087133,40,0,0,0,0,140.3039,2.352344,NA,NA,NA,NA,NA,NA,NA,NA,NA,NA,NA,NA,NA,NA,NA,NA,NA,NA,20,19,19,20,13,25,"shorter",86.3,89.9,59.7,64.6,0.246,0.191,0.249,0.257
"223",112,1,"HS","High_Stress","Control",1,2019-08-07,801.2429,419.6336,2536,22,2513,0.009738822,0.9914913,20,2,0.008853475,0.0009049774,6175,0.0006731072,0.0001154996,0.0004955541,0.00006014841,1056.092,6.905701,762,762.221804511278,59.1029411764706,41,1,30,16.76184,7.575251,156.1882,2.737703,67.0770833333333,NA,1,92.6039215686275,64.906862745098,0.987254901960784,NA,NA,NA,NA,NA,NA,NA,NA,NA,NA,NA,NA,11,11,12,11,12,13,"shorter",148.7,123.2,193.4,115.3,0.217,0.142,0.093,0.122
"224",112,2,"LS","Low_Stress","Control",1,2019-08-08,801.2325,255.8414,2105,113,1978,0.05386082,0.9432049,108,5,0.0514776,0.002436647,30800,0.004448965,0.001202454,0.02841273,0.02715399,1027.474,35.55206,708.5,708.315914489311,45.0288559754852,46,3,85,53.00001,116.3865,97.18935,3.771774,NA,NA,NA,NA,NA,NA,NA,NA,NA,NA,NA,NA,NA,NA,NA,NA,NA,NA,10,10,10,11,10,12,"shorter",144.3,195.2,87.6,345.1,0.161,0.125,0.135,0.11
"225",113,1,"LS","Low_Stress","Control",2,NA,NA,NA,NA,NA,NA,NA,NA,NA,NA,NA,NA,NA,NA,NA,NA,NA,NA,NA,NA,NA,NA,40,5,95,95.27226,527.1427,132.0244,44.05785,NA,NA,NA,NA,NA,NA,NA,NA,NA,NA,NA,NA,NA,NA,NA,NA,NA,NA,10,16,26,34,NA,NA,NA,NA,NA,NA,NA,NA,NA,NA,NA
"226",113,2,"HS","High_Stress","Control",2,NA,NA,NA,NA,NA,NA,NA,NA,NA,NA,NA,NA,NA,NA,NA,NA,NA,NA,NA,NA,NA,NA,NA,NA,NA,NA,NA,NA,NA,NA,NA,NA,NA,NA,NA,NA,NA,NA,NA,NA,NA,NA,NA,NA,NA,NA,NA,NA,NA,NA,NA,NA,NA,NA,NA,NA,NA,NA,NA,NA,NA,NA
"227",114,1,"LS","Low_Stress","Reappraisal",2,2019-08-14,784.8842,351.2459,1143,181,927,0.1583552,0.8185921,172,9,0.1504812,0.008071749,48984.38,0.01910475,0.01027152,1.068536,3.92684,976.7496,85.82196,626.5,626.42782152231,-25.3590208522212,40,16,355,289.4843,13581.2,71.47379,24.01655,NA,NA,NA,65.2564102564103,NA,0,NA,NA,NA,NA,NA,NA,NA,NA,NA,NA,NA,NA,10,12,10,11,10,14,"shorter",95.9,155.5,78.1,70.7,0.233,0.145,0.097,0.091
"228",114,2,"HS","High_Stress","Reappraisal",2,2019-08-16,661.3122,363.4838,995,204,723,0.2052314,0.7318612,199,5,0.2002012,0.005060729,55412.5,0.0530187,0.002228782,6.443664,0.02827804,960.8417,102.0796,589,588.87323943662,185.379074658254,41,11,345,215.533,4939.877,56.17794,9.097463,NA,NA,NA,NA,NA,NA,NA,NA,NA,NA,NA,NA,NA,NA,NA,NA,NA,NA,12,13,11,12,11,14,"shorter",119.7,129.6,86.4,84.1,0.067,0.081,0.093,0.08
"229",115,1,"LS","Low_Stress","Mindfulness",2,2019-08-14,794.4874,321.8209,1370,148,1211,0.1084249,0.8877323,137,11,0.1003663,0.008160237,40578.13,0.09995692,0.004455021,111.0799,0.4939264,985.715,76.95582,589,588.809489051095,-81.5339313572543,40,16,380,291.483,13614.61,127.1116,26.32738,80.8104166666667,52.6020833333333,1,116.806862745098,36.0029411764706,1,NA,NA,NA,NA,NA,NA,NA,NA,NA,NA,NA,NA,21,17,12,21,11,24,"shorter",154.5,150.1,73.6,88.7,0.079,0.058,0.037,0.032
"230",115,2,"HS","High_Stress","Mindfulness",2,2019-08-15,781.327,328.7673,1154,193,932,0.1715363,0.8096916,186,7,0.1658812,0.006092254,49843.75,0.01964898,0.003247005,0.289749,0.1247594,951.3575,111.5774,662.5,662.596187175043,19.1258309591643,40,14,410,267.8267,10111.48,148.707,42.17583,80.4796296296296,NA,1,104.671568627451,42.7098039215686,1,NA,NA,NA,NA,NA,NA,NA,NA,NA,NA,NA,NA,12,15,10,15,10,19,"shorter",62.2,87.1,44.3,44.6,0.25,0.152,0.122,0.112
